Tipo_Crime,UF,ano,ocorrencias,estado_ibge,Sigla_UF,populacao,admitidos/desligados,total_desempregados,taxa_ocorrencia,taxa_desemprego
Roubo seguido de morte (latrocínio),Acre,2010,,12,AC,734447,Desligado,17736,,2414.878132799235
Roubo seguido de morte (latrocínio),Acre,2011,10.0,12,AC,748616,Desligado,16376,1.3357983265118565,2187.5033394958164
Roubo seguido de morte (latrocínio),Acre,2012,10.0,12,AC,762631,Desligado,20992,1.311250132764076,2752.5762786983482
Roubo seguido de morte (latrocínio),Acre,2013,,12,AC,776463,Desligado,21695,,2794.0803360881328
Roubo seguido de morte (latrocínio),Acre,2014,,12,AC,790101,Desligado,26742,,3384.630572547054
Roubo de veículo,Acre,2010,,12,AC,734447,Desligado,17736,,2414.878132799235
Roubo de veículo,Acre,2011,,12,AC,748616,Desligado,16376,,2187.5033394958164
Roubo de veículo,Acre,2012,,12,AC,762631,Desligado,20992,,2752.5762786983482
Roubo de veículo,Acre,2013,,12,AC,776463,Desligado,21695,,2794.0803360881328
Roubo de veículo,Acre,2014,,12,AC,790101,Desligado,26742,,3384.630572547054
Lesão corporal seguida de morte,Acre,2010,,12,AC,734447,Desligado,17736,,2414.878132799235
Lesão corporal seguida de morte,Acre,2011,,12,AC,748616,Desligado,16376,,2187.5033394958164
Lesão corporal seguida de morte,Acre,2012,2.0,12,AC,762631,Desligado,20992,0.2622500265528152,2752.5762786983482
Lesão corporal seguida de morte,Acre,2013,,12,AC,776463,Desligado,21695,,2794.0803360881328
Lesão corporal seguida de morte,Acre,2014,,12,AC,790101,Desligado,26742,,3384.630572547054
Homicídio doloso,Acre,2010,,12,AC,734447,Desligado,17736,,2414.878132799235
Homicídio doloso,Acre,2011,151.0,12,AC,748616,Desligado,16376,20.170554730329034,2187.5033394958164
Homicídio doloso,Acre,2012,173.0,12,AC,762631,Desligado,20992,22.684627296818515,2752.5762786983482
Homicídio doloso,Acre,2013,,12,AC,776463,Desligado,21695,,2794.0803360881328
Homicídio doloso,Acre,2014,,12,AC,790101,Desligado,26742,,3384.630572547054
Furto de veículo,Acre,2010,,12,AC,734447,Desligado,17736,,2414.878132799235
Furto de veículo,Acre,2011,16.0,12,AC,748616,Desligado,16376,2.1372773224189703,2187.5033394958164
Furto de veículo,Acre,2012,,12,AC,762631,Desligado,20992,,2752.5762786983482
Furto de veículo,Acre,2013,,12,AC,776463,Desligado,21695,,2794.0803360881328
Furto de veículo,Acre,2014,,12,AC,790101,Desligado,26742,,3384.630572547054
Estupro,Acre,2010,,12,AC,734447,Desligado,17736,,2414.878132799235
Estupro,Acre,2011,1.0,12,AC,748616,Desligado,16376,0.13357983265118564,2187.5033394958164
Estupro,Acre,2012,2.0,12,AC,762631,Desligado,20992,0.2622500265528152,2752.5762786983482
Estupro,Acre,2013,,12,AC,776463,Desligado,21695,,2794.0803360881328
Estupro,Acre,2014,,12,AC,790101,Desligado,26742,,3384.630572547054
Roubo seguido de morte (latrocínio),Alagoas,2010,,27,AL,3231840,Desligado,57690,,1785.051240160404
Roubo seguido de morte (latrocínio),Alagoas,2011,36.0,27,AL,3256280,Desligado,61894,1.1055560332649528,1900.7579200805826
Roubo seguido de morte (latrocínio),Alagoas,2012,87.0,27,AL,3279290,Desligado,56148,2.653013304709251,1712.1998969289082
Roubo seguido de morte (latrocínio),Alagoas,2013,68.0,27,AL,3300940,Desligado,59478,2.0600192672390287,1801.8503820123963
Roubo seguido de morte (latrocínio),Alagoas,2014,55.0,27,AL,3321300,Desligado,52199,1.6559780808719478,1571.6436335169965
Roubo de veículo,Alagoas,2010,,27,AL,3231840,Desligado,57690,,1785.051240160404
Roubo de veículo,Alagoas,2011,1647.0,27,AL,3256280,Desligado,61894,50.579188521871586,1900.7579200805826
Roubo de veículo,Alagoas,2012,2366.0,27,AL,3279290,Desligado,56148,72.14976412577113,1712.1998969289082
Roubo de veículo,Alagoas,2013,2636.0,27,AL,3300940,Desligado,59478,79.85604100650119,1801.8503820123963
Roubo de veículo,Alagoas,2014,3038.0,27,AL,3321300,Desligado,52199,91.47020744889049,1571.6436335169965
Lesão corporal seguida de morte,Alagoas,2010,,27,AL,3231840,Desligado,57690,,1785.051240160404
Lesão corporal seguida de morte,Alagoas,2011,21.0,27,AL,3256280,Desligado,61894,0.6449076860712224,1900.7579200805826
Lesão corporal seguida de morte,Alagoas,2012,25.0,27,AL,3279290,Desligado,56148,0.762360145031394,1712.1998969289082
Lesão corporal seguida de morte,Alagoas,2013,13.0,27,AL,3300940,Desligado,59478,0.39382721285452027,1801.8503820123963
Lesão corporal seguida de morte,Alagoas,2014,13.0,27,AL,3321300,Desligado,52199,0.3914130009333695,1571.6436335169965
Homicídio doloso,Alagoas,2010,,27,AL,3231840,Desligado,57690,,1785.051240160404
Homicídio doloso,Alagoas,2011,2342.0,27,AL,3256280,Desligado,61894,71.92256194184776,1900.7579200805826
Homicídio doloso,Alagoas,2012,2023.0,27,AL,3279290,Desligado,56148,61.690182935940406,1712.1998969289082
Homicídio doloso,Alagoas,2013,2094.0,27,AL,3300940,Desligado,59478,63.436475670566566,1801.8503820123963
Homicídio doloso,Alagoas,2014,1904.0,27,AL,3321300,Desligado,52199,57.32695029054888,1571.6436335169965
Furto de veículo,Alagoas,2010,,27,AL,3231840,Desligado,57690,,1785.051240160404
Furto de veículo,Alagoas,2011,436.0,27,AL,3256280,Desligado,61894,13.389511958431093,1900.7579200805826
Furto de veículo,Alagoas,2012,577.0,27,AL,3279290,Desligado,56148,17.59527214732457,1712.1998969289082
Furto de veículo,Alagoas,2013,685.0,27,AL,3300940,Desligado,59478,20.751664677334336,1801.8503820123963
Furto de veículo,Alagoas,2014,666.0,27,AL,3321300,Desligado,52199,20.052389124740312,1571.6436335169965
Estupro,Alagoas,2010,,27,AL,3231840,Desligado,57690,,1785.051240160404
Estupro,Alagoas,2011,387.0,27,AL,3256280,Desligado,61894,11.88472735759824,1900.7579200805826
Estupro,Alagoas,2012,458.0,27,AL,3279290,Desligado,56148,13.966437856975137,1712.1998969289082
Estupro,Alagoas,2013,479.0,27,AL,3300940,Desligado,59478,14.511018073639631,1801.8503820123963
Estupro,Alagoas,2014,441.0,27,AL,3321300,Desligado,52199,13.277933339355071,1571.6436335169965
Roubo seguido de morte (latrocínio),Amazonas,2010,,16,AM,3604160,Desligado,20617,,572.0334280387108
Roubo seguido de morte (latrocínio),Amazonas,2011,43.0,16,AM,3672970,Desligado,19226,1.170714707716099,523.4456039662725
Roubo seguido de morte (latrocínio),Amazonas,2012,40.0,16,AM,3740980,Desligado,18044,1.0692385417724768,482.33350619356423
Roubo seguido de morte (latrocínio),Amazonas,2013,36.0,16,AM,3807920,Desligado,18179,0.9453980125632893,477.3997352885565
Roubo seguido de morte (latrocínio),Amazonas,2014,50.0,16,AM,3873740,Desligado,14756,1.290742280070423,380.92386169438316
Roubo de veículo,Amazonas,2010,,16,AM,3604160,Desligado,20617,,572.0334280387108
Roubo de veículo,Amazonas,2011,6499.0,16,AM,3672970,Desligado,19226,176.94127640574249,523.4456039662725
Roubo de veículo,Amazonas,2012,4763.0,16,AM,3740980,Desligado,18044,127.31957936155767,482.33350619356423
Roubo de veículo,Amazonas,2013,1969.0,16,AM,3807920,Desligado,18179,51.70801907603101,477.3997352885565
Roubo de veículo,Amazonas,2014,2766.0,16,AM,3873740,Desligado,14756,71.40386293349579,380.92386169438316
Lesão corporal seguida de morte,Amazonas,2010,,16,AM,3604160,Desligado,20617,,572.0334280387108
Lesão corporal seguida de morte,Amazonas,2011,20.0,16,AM,3672970,Desligado,19226,0.5445184687051623,523.4456039662725
Lesão corporal seguida de morte,Amazonas,2012,26.0,16,AM,3740980,Desligado,18044,0.69500505215211,482.33350619356423
Lesão corporal seguida de morte,Amazonas,2013,33.0,16,AM,3807920,Desligado,18179,0.8666148448496817,477.3997352885565
Lesão corporal seguida de morte,Amazonas,2014,18.0,16,AM,3873740,Desligado,14756,0.4646672208253523,380.92386169438316
Homicídio doloso,Amazonas,2010,,16,AM,3604160,Desligado,20617,,572.0334280387108
Homicídio doloso,Amazonas,2011,1033.0,16,AM,3672970,Desligado,19226,28.124378908621633,523.4456039662725
Homicídio doloso,Amazonas,2012,1010.0,16,AM,3740980,Desligado,18044,26.99827317975504,482.33350619356423
Homicídio doloso,Amazonas,2013,891.0,16,AM,3807920,Desligado,18179,23.398600810941407,477.3997352885565
Homicídio doloso,Amazonas,2014,1158.0,16,AM,3873740,Desligado,14756,29.893591206430994,380.92386169438316
Furto de veículo,Amazonas,2010,,16,AM,3604160,Desligado,20617,,572.0334280387108
Furto de veículo,Amazonas,2011,1968.0,16,AM,3672970,Desligado,19226,53.580617320587976,523.4456039662725
Furto de veículo,Amazonas,2012,1713.0,16,AM,3740980,Desligado,18044,45.79014055140632,482.33350619356423
Furto de veículo,Amazonas,2013,1507.0,16,AM,3807920,Desligado,18179,39.57541124813547,477.3997352885565
Furto de veículo,Amazonas,2014,2001.0,16,AM,3873740,Desligado,14756,51.655506048418324,380.92386169438316
Estupro,Amazonas,2010,,16,AM,3604160,Desligado,20617,,572.0334280387108
Estupro,Amazonas,2011,1058.0,16,AM,3672970,Desligado,19226,28.805026994503088,523.4456039662725
Estupro,Amazonas,2012,1031.0,16,AM,3740980,Desligado,18044,27.559623414185587,482.33350619356423
Estupro,Amazonas,2013,1433.0,16,AM,3807920,Desligado,18179,37.632093111199815,477.3997352885565
Estupro,Amazonas,2014,1047.0,16,AM,3873740,Desligado,14756,27.028143344674657,380.92386169438316
Roubo seguido de morte (latrocínio),Amapá,2010,,13,AP,686189,Desligado,83584,,12180.900597357288
Roubo seguido de morte (latrocínio),Amapá,2011,2.0,13,AP,702638,Desligado,97060,0.28464159353749724,13813.65653437474
Roubo seguido de morte (latrocínio),Amapá,2012,8.0,13,AP,718906,Desligado,92232,1.1128019518546237,12829.493702931955
Roubo seguido de morte (latrocínio),Amapá,2013,10.0,13,AP,734996,Desligado,105148,1.3605516220496439,14305.928195527595
Roubo seguido de morte (latrocínio),Amapá,2014,9.0,13,AP,750912,Desligado,93080,1.1985425722321656,12395.593624818888
Roubo de veículo,Amapá,2010,,13,AP,686189,Desligado,83584,,12180.900597357288
Roubo de veículo,Amapá,2011,33.0,13,AP,702638,Desligado,97060,4.696586293368704,13813.65653437474
Roubo de veículo,Amapá,2012,142.0,13,AP,718906,Desligado,92232,19.752234645419566,12829.493702931955
Roubo de veículo,Amapá,2013,196.0,13,AP,734996,Desligado,105148,26.666811792173018,14305.928195527595
Roubo de veículo,Amapá,2014,258.0,13,AP,750912,Desligado,93080,34.35822040398875,12395.593624818888
Lesão corporal seguida de morte,Amapá,2010,,13,AP,686189,Desligado,83584,,12180.900597357288
Lesão corporal seguida de morte,Amapá,2011,1.0,13,AP,702638,Desligado,97060,0.14232079676874862,13813.65653437474
Lesão corporal seguida de morte,Amapá,2012,3.0,13,AP,718906,Desligado,92232,0.41730073194548384,12829.493702931955
Lesão corporal seguida de morte,Amapá,2013,7.0,13,AP,734996,Desligado,105148,0.9523861354347506,14305.928195527595
Lesão corporal seguida de morte,Amapá,2014,1.0,13,AP,750912,Desligado,93080,0.13317139691468508,12395.593624818888
Homicídio doloso,Amapá,2010,,13,AP,686189,Desligado,83584,,12180.900597357288
Homicídio doloso,Amapá,2011,117.0,13,AP,702638,Desligado,97060,16.65153322194359,13813.65653437474
Homicídio doloso,Amapá,2012,217.0,13,AP,718906,Desligado,92232,30.184752944056665,12829.493702931955
Homicídio doloso,Amapá,2013,198.0,13,AP,734996,Desligado,105148,26.93892211658295,14305.928195527595
Homicídio doloso,Amapá,2014,139.0,13,AP,750912,Desligado,93080,18.510824171141227,12395.593624818888
Furto de veículo,Amapá,2010,,13,AP,686189,Desligado,83584,,12180.900597357288
Furto de veículo,Amapá,2011,122.0,13,AP,702638,Desligado,97060,17.363137205787332,13813.65653437474
Furto de veículo,Amapá,2012,545.0,13,AP,718906,Desligado,92232,75.80963297009623,12829.493702931955
Furto de veículo,Amapá,2013,704.0,13,AP,734996,Desligado,105148,95.78283419229493,14305.928195527595
Furto de veículo,Amapá,2014,645.0,13,AP,750912,Desligado,93080,85.89555100997188,12395.593624818888
Estupro,Amapá,2010,,13,AP,686189,Desligado,83584,,12180.900597357288
Estupro,Amapá,2011,136.0,13,AP,702638,Desligado,97060,19.355628360549815,13813.65653437474
Estupro,Amapá,2012,431.0,13,AP,718906,Desligado,92232,59.95220515616784,12829.493702931955
Estupro,Amapá,2013,476.0,13,AP,734996,Desligado,105148,64.76225720956305,14305.928195527595
Estupro,Amapá,2014,343.0,13,AP,750912,Desligado,93080,45.67778914173698,12395.593624818888
Roubo seguido de morte (latrocínio),Bahia,2010,,29,BA,14768300,Desligado,218945,,1482.5335346654658
Roubo seguido de morte (latrocínio),Bahia,2011,125.0,29,BA,14865400,Desligado,219094,0.8408788192715971,1473.8520322359304
Roubo seguido de morte (latrocínio),Bahia,2012,174.0,29,BA,1495720,Desligado,207558,11.633193378439815,13876.795122081672
Roubo seguido de morte (latrocínio),Bahia,2013,152.0,29,BA,15044100,Desligado,238105,1.0103628665058062,1582.7134890089803
Roubo seguido de morte (latrocínio),Bahia,2014,191.0,29,BA,15126400,Desligado,198342,1.2626930399830758,1311.2306960016924
Roubo de veículo,Bahia,2010,,29,BA,14768300,Desligado,218945,,1482.5335346654658
Roubo de veículo,Bahia,2011,8963.0,29,BA,14865400,Desligado,219094,60.294374857050606,1473.8520322359304
Roubo de veículo,Bahia,2012,12442.0,29,BA,1495720,Desligado,207558,831.8401839916561,13876.795122081672
Roubo de veículo,Bahia,2013,12853.0,29,BA,15044100,Desligado,238105,85.43548633683636,1582.7134890089803
Roubo de veículo,Bahia,2014,14445.0,29,BA,15126400,Desligado,198342,95.49529299767295,1311.2306960016924
Lesão corporal seguida de morte,Bahia,2010,,29,BA,14768300,Desligado,218945,,1482.5335346654658
Lesão corporal seguida de morte,Bahia,2011,185.0,29,BA,14865400,Desligado,219094,1.2445006525219637,1473.8520322359304
Lesão corporal seguida de morte,Bahia,2012,146.0,29,BA,1495720,Desligado,207558,9.761185248575936,13876.795122081672
Lesão corporal seguida de morte,Bahia,2013,122.0,29,BA,15044100,Desligado,238105,0.8109491428533444,1582.7134890089803
Lesão corporal seguida de morte,Bahia,2014,125.0,29,BA,15126400,Desligado,198342,0.8263697905648404,1311.2306960016924
Homicídio doloso,Bahia,2010,,29,BA,14768300,Desligado,218945,,1482.5335346654658
Homicídio doloso,Bahia,2011,4705.0,29,BA,14865400,Desligado,219094,31.650678757382916,1473.8520322359304
Homicídio doloso,Bahia,2012,5879.0,29,BA,1495720,Desligado,207558,393.054849838205,13876.795122081672
Homicídio doloso,Bahia,2013,5439.0,29,BA,15044100,Desligado,238105,36.153708098191316,1582.7134890089803
Homicídio doloso,Bahia,2014,5467.0,29,BA,15126400,Desligado,198342,36.14210916014385,1311.2306960016924
Furto de veículo,Bahia,2010,,29,BA,14768300,Desligado,218945,,1482.5335346654658
Furto de veículo,Bahia,2011,3779.0,29,BA,14865400,Desligado,219094,25.421448464218923,1473.8520322359304
Furto de veículo,Bahia,2012,4103.0,29,BA,1495720,Desligado,207558,274.3160484582676,13876.795122081672
Furto de veículo,Bahia,2013,4790.0,29,BA,15044100,Desligado,238105,31.839724543176395,1582.7134890089803
Furto de veículo,Bahia,2014,5432.0,29,BA,15126400,Desligado,198342,35.9107256187857,1311.2306960016924
Estupro,Bahia,2010,,29,BA,14768300,Desligado,218945,,1482.5335346654658
Estupro,Bahia,2011,1811.0,29,BA,14865400,Desligado,219094,12.1826523336069,1473.8520322359304
Estupro,Bahia,2012,2683.0,29,BA,1495720,Desligado,207558,179.3784933008852,13876.795122081672
Estupro,Bahia,2013,3196.0,29,BA,15044100,Desligado,238105,21.244208693108927,1582.7134890089803
Estupro,Bahia,2014,924.0,29,BA,15126400,Desligado,198342,6.1085254918553,1311.2306960016924
Roubo seguido de morte (latrocínio),Ceará,2010,,23,CE,8569780,Desligado,81890,,955.5671207428895
Roubo seguido de morte (latrocínio),Ceará,2011,76.0,23,CE,8642630,Desligado,73420,0.8793619534794386,849.5099292692154
Roubo seguido de morte (latrocínio),Ceará,2012,101.0,23,CE,8712410,Desligado,72699,1.1592659206809597,834.4304274018326
Roubo seguido de morte (latrocínio),Ceará,2013,107.0,23,CE,8779340,Desligado,88168,1.2187704314902943,1004.2668355480025
Roubo seguido de morte (latrocínio),Ceará,2014,74.0,23,CE,8843550,Desligado,74487,0.8367680399839431,842.2748783011348
Roubo de veículo,Ceará,2010,,23,CE,8569780,Desligado,81890,,955.5671207428895
Roubo de veículo,Ceará,2011,2823.0,23,CE,8642630,Desligado,73420,32.66366835095336,849.5099292692154
Roubo de veículo,Ceará,2012,6359.0,23,CE,8712410,Desligado,72699,72.98784148128934,834.4304274018326
Roubo de veículo,Ceará,2013,9595.0,23,CE,8779340,Desligado,88168,109.29067560887263,1004.2668355480025
Roubo de veículo,Ceará,2014,,23,CE,8843550,Desligado,74487,,842.2748783011348
Lesão corporal seguida de morte,Ceará,2010,,23,CE,8569780,Desligado,81890,,955.5671207428895
Lesão corporal seguida de morte,Ceará,2011,69.0,23,CE,8642630,Desligado,73420,0.7983680893431745,849.5099292692154
Lesão corporal seguida de morte,Ceará,2012,64.0,23,CE,8712410,Desligado,72699,0.7345843457780339,834.4304274018326
Lesão corporal seguida de morte,Ceará,2013,75.0,23,CE,8779340,Desligado,88168,0.8542783398296455,1004.2668355480025
Lesão corporal seguida de morte,Ceará,2014,66.0,23,CE,8843550,Desligado,74487,0.7463066302559493,842.2748783011348
Homicídio doloso,Ceará,2010,,23,CE,8569780,Desligado,81890,,955.5671207428895
Homicídio doloso,Ceará,2011,2618.0,23,CE,8642630,Desligado,73420,30.291705186962766,849.5099292692154
Homicídio doloso,Ceará,2012,3492.0,23,CE,8712410,Desligado,72699,40.080758366513976,834.4304274018326
Homicídio doloso,Ceará,2013,4077.0,23,CE,8779340,Desligado,88168,46.43857055313953,1004.2668355480025
Homicídio doloso,Ceará,2014,4135.0,23,CE,8843550,Desligado,74487,46.75724115315682,842.2748783011348
Furto de veículo,Ceará,2010,,23,CE,8569780,Desligado,81890,,955.5671207428895
Furto de veículo,Ceará,2011,2873.0,23,CE,8642630,Desligado,73420,33.242195951926675,849.5099292692154
Furto de veículo,Ceará,2012,4277.0,23,CE,8712410,Desligado,72699,49.09089448269767,834.4304274018326
Furto de veículo,Ceará,2013,4880.0,23,CE,8779340,Desligado,88168,55.58504397824894,1004.2668355480025
Furto de veículo,Ceará,2014,,23,CE,8843550,Desligado,74487,,842.2748783011348
Estupro,Ceará,2010,,23,CE,8569780,Desligado,81890,,955.5671207428895
Estupro,Ceará,2011,493.0,23,CE,8642630,Desligado,73420,5.704282145596884,849.5099292692154
Estupro,Ceará,2012,1485.0,23,CE,8712410,Desligado,72699,17.044652398130943,834.4304274018326
Estupro,Ceará,2013,1675.0,23,CE,8779340,Desligado,88168,19.078882922862082,1004.2668355480025
Estupro,Ceará,2014,1561.0,23,CE,8843550,Desligado,74487,17.6512825731748,842.2748783011348
Roubo seguido de morte (latrocínio),Distrito Federal,2010,,53,DF,2602070,Desligado,129031,,4958.78281522019
Roubo seguido de morte (latrocínio),Distrito Federal,2011,44.0,53,DF,2664440,Desligado,140307,1.6513789013826548,5265.909534461275
Roubo seguido de morte (latrocínio),Distrito Federal,2012,47.0,53,DF,2727100,Desligado,135217,1.723442484690697,4958.270690477064
Roubo seguido de morte (latrocínio),Distrito Federal,2013,27.0,53,DF,2789760,Desligado,159731,0.9678251892635925,5725.617974306033
Roubo seguido de morte (latrocínio),Distrito Federal,2014,45.0,53,DF,2852370,Desligado,136215,1.5776354400025243,4775.502476887641
Roubo de veículo,Distrito Federal,2010,,53,DF,2602070,Desligado,129031,,4958.78281522019
Roubo de veículo,Distrito Federal,2011,2769.0,53,DF,2664440,Desligado,140307,103.92427677110388,5265.909534461275
Roubo de veículo,Distrito Federal,2012,4120.0,53,DF,2727100,Desligado,135217,151.07623482820577,4958.270690477064
Roubo de veículo,Distrito Federal,2013,4143.0,53,DF,2789760,Desligado,159731,148.50739848589126,5725.617974306033
Roubo de veículo,Distrito Federal,2014,7110.0,53,DF,2852370,Desligado,136215,249.26639952039883,4775.502476887641
Lesão corporal seguida de morte,Distrito Federal,2010,,53,DF,2602070,Desligado,129031,,4958.78281522019
Lesão corporal seguida de morte,Distrito Federal,2011,13.0,53,DF,2664440,Desligado,140307,0.48790740268123883,5265.909534461275
Lesão corporal seguida de morte,Distrito Federal,2012,5.0,53,DF,2727100,Desligado,135217,0.18334494517986138,4958.270690477064
Lesão corporal seguida de morte,Distrito Federal,2013,5.0,53,DF,2789760,Desligado,159731,0.1792268869006653,5725.617974306033
Lesão corporal seguida de morte,Distrito Federal,2014,3.0,53,DF,2852370,Desligado,136215,0.10517569600016828,4775.502476887641
Homicídio doloso,Distrito Federal,2010,,53,DF,2602070,Desligado,129031,,4958.78281522019
Homicídio doloso,Distrito Federal,2011,704.0,53,DF,2664440,Desligado,140307,26.422062422122476,5265.909534461275
Homicídio doloso,Distrito Federal,2012,787.0,53,DF,2727100,Desligado,135217,28.858494371310183,4958.270690477064
Homicídio doloso,Distrito Federal,2013,692.0,53,DF,2789760,Desligado,159731,24.805001147052074,5725.617974306033
Homicídio doloso,Distrito Federal,2014,682.0,53,DF,2852370,Desligado,136215,23.90994155737159,4775.502476887641
Furto de veículo,Distrito Federal,2010,,53,DF,2602070,Desligado,129031,,4958.78281522019
Furto de veículo,Distrito Federal,2011,6230.0,53,DF,2664440,Desligado,140307,233.82023990031675,5265.909534461275
Furto de veículo,Distrito Federal,2012,6131.0,53,DF,2727100,Desligado,135217,224.81757177954606,4958.270690477064
Furto de veículo,Distrito Federal,2013,6473.0,53,DF,2789760,Desligado,159731,232.02712778160128,5725.617974306033
Furto de veículo,Distrito Federal,2014,8344.0,53,DF,2852370,Desligado,136215,292.52866914180134,4775.502476887641
Estupro,Distrito Federal,2010,,53,DF,2602070,Desligado,129031,,4958.78281522019
Estupro,Distrito Federal,2011,735.0,53,DF,2664440,Desligado,140307,27.585533920823888,5265.909534461275
Estupro,Distrito Federal,2012,864.0,53,DF,2727100,Desligado,135217,31.68200652708005,4958.270690477064
Estupro,Distrito Federal,2013,851.0,53,DF,2789760,Desligado,159731,30.504416150493235,5725.617974306033
Estupro,Distrito Federal,2014,775.0,53,DF,2852370,Desligado,136215,27.170388133376804,4775.502476887641
Roubo seguido de morte (latrocínio),Espírito Santo,2010,,32,ES,3697240,Desligado,53707,,1452.6241196135495
Roubo seguido de morte (latrocínio),Espírito Santo,2011,24.0,32,ES,3745580,Desligado,45474,0.6407552368391544,1214.0709850009878
Roubo seguido de morte (latrocínio),Espírito Santo,2012,10.0,32,ES,3792870,Desligado,48507,0.263652590254873,1278.8996195493123
Roubo seguido de morte (latrocínio),Espírito Santo,2013,33.0,32,ES,3839370,Desligado,53256,0.8595160143461036,1387.1025715156393
Roubo seguido de morte (latrocínio),Espírito Santo,2014,50.0,32,ES,3885050,Desligado,46649,1.286984723491332,1200.7310073229432
Roubo de veículo,Espírito Santo,2010,,32,ES,3697240,Desligado,53707,,1452.6241196135495
Roubo de veículo,Espírito Santo,2011,3516.0,32,ES,3745580,Desligado,45474,93.87064219693612,1214.0709850009878
Roubo de veículo,Espírito Santo,2012,2469.0,32,ES,3792870,Desligado,48507,65.09582453392814,1278.8996195493123
Roubo de veículo,Espírito Santo,2013,532.586,32,ES,3839370,Desligado,53256,13.871702909591939,1387.1025715156393
Roubo de veículo,Espírito Santo,2014,3336.0,32,ES,3885050,Desligado,46649,85.86762075134168,1200.7310073229432
Lesão corporal seguida de morte,Espírito Santo,2010,,32,ES,3697240,Desligado,53707,,1452.6241196135495
Lesão corporal seguida de morte,Espírito Santo,2011,8.0,32,ES,3745580,Desligado,45474,0.21358507894638482,1214.0709850009878
Lesão corporal seguida de morte,Espírito Santo,2012,15.0,32,ES,3792870,Desligado,48507,0.3954788853823094,1278.8996195493123
Lesão corporal seguida de morte,Espírito Santo,2013,18.0,32,ES,3839370,Desligado,53256,0.46882691691605655,1387.1025715156393
Lesão corporal seguida de morte,Espírito Santo,2014,25.0,32,ES,3885050,Desligado,46649,0.643492361745666,1200.7310073229432
Homicídio doloso,Espírito Santo,2010,,32,ES,3697240,Desligado,53707,,1452.6241196135495
Homicídio doloso,Espírito Santo,2011,1845.0,32,ES,3745580,Desligado,45474,49.25805883200999,1214.0709850009878
Homicídio doloso,Espírito Santo,2012,1660.0,32,ES,3792870,Desligado,48507,43.76632998230891,1278.8996195493123
Homicídio doloso,Espírito Santo,2013,1564.0,32,ES,3839370,Desligado,53256,40.73584989203958,1387.1025715156393
Homicídio doloso,Espírito Santo,2014,1529.0,32,ES,3885050,Desligado,46649,39.355992844364934,1200.7310073229432
Furto de veículo,Espírito Santo,2010,,32,ES,3697240,Desligado,53707,,1452.6241196135495
Furto de veículo,Espírito Santo,2011,5045.0,32,ES,3745580,Desligado,45474,134.69209041056394,1214.0709850009878
Furto de veículo,Espírito Santo,2012,3041.0,32,ES,3792870,Desligado,48507,80.17675269650687,1278.8996195493123
Furto de veículo,Espírito Santo,2013,1569.426,32,ES,3839370,Desligado,53256,40.877175161549935,1387.1025715156393
Furto de veículo,Espírito Santo,2014,3579.0,32,ES,3885050,Desligado,46649,92.12236650750955,1200.7310073229432
Estupro,Espírito Santo,2010,,32,ES,3697240,Desligado,53707,,1452.6241196135495
Estupro,Espírito Santo,2011,803.0,32,ES,3745580,Desligado,45474,21.438602299243374,1214.0709850009878
Estupro,Espírito Santo,2012,735.0,32,ES,3792870,Desligado,48507,19.37846538373316,1278.8996195493123
Estupro,Espírito Santo,2013,482.0,32,ES,3839370,Desligado,53256,12.554142997418849,1387.1025715156393
Estupro,Espírito Santo,2014,374.0,32,ES,3885050,Desligado,46649,9.626645731715163,1200.7310073229432
Roubo seguido de morte (latrocínio),Goiás,2010,,52,GO,6155270,Desligado,113565,,1845.0043621157156
Roubo seguido de morte (latrocínio),Goiás,2011,45.0,52,GO,6250460,Desligado,115255,0.7199470118999242,1843.9442857005724
Roubo seguido de morte (latrocínio),Goiás,2012,29.0,52,GO,6343140,Desligado,112219,0.45718681914635334,1769.1395744063666
Roubo seguido de morte (latrocínio),Goiás,2013,72.0,52,GO,6434050,Desligado,147421,1.1190463238551145,2291.262890403401
Roubo seguido de morte (latrocínio),Goiás,2014,,52,GO,6523220,Desligado,134197,,2057.2202071982856
Roubo de veículo,Goiás,2010,,52,GO,6155270,Desligado,113565,,1845.0043621157156
Roubo de veículo,Goiás,2011,4166.0,52,GO,6250460,Desligado,115255,66.65109447944631,1843.9442857005724
Roubo de veículo,Goiás,2012,2202.0,52,GO,6343140,Desligado,112219,34.71466812966449,1769.1395744063666
Roubo de veículo,Goiás,2013,5703.0,52,GO,6434050,Desligado,147421,88.6377942353572,2291.262890403401
Roubo de veículo,Goiás,2014,,52,GO,6523220,Desligado,134197,,2057.2202071982856
Lesão corporal seguida de morte,Goiás,2010,,52,GO,6155270,Desligado,113565,,1845.0043621157156
Lesão corporal seguida de morte,Goiás,2011,6.0,52,GO,6250460,Desligado,115255,0.09599293491998989,1843.9442857005724
Lesão corporal seguida de morte,Goiás,2012,2.0,52,GO,6343140,Desligado,112219,0.0315301254583692,1769.1395744063666
Lesão corporal seguida de morte,Goiás,2013,6.0,52,GO,6434050,Desligado,147421,0.09325386032125954,2291.262890403401
Lesão corporal seguida de morte,Goiás,2014,,52,GO,6523220,Desligado,134197,,2057.2202071982856
Homicídio doloso,Goiás,2010,,52,GO,6155270,Desligado,113565,,1845.0043621157156
Homicídio doloso,Goiás,2011,998.0,52,GO,6250460,Desligado,115255,15.96682484169165,1843.9442857005724
Homicídio doloso,Goiás,2012,838.0,52,GO,6343140,Desligado,112219,13.211122567056695,1769.1395744063666
Homicídio doloso,Goiás,2013,1870.0,52,GO,6434050,Desligado,147421,29.06411980012589,2291.262890403401
Homicídio doloso,Goiás,2014,,52,GO,6523220,Desligado,134197,,2057.2202071982856
Furto de veículo,Goiás,2010,,52,GO,6155270,Desligado,113565,,1845.0043621157156
Furto de veículo,Goiás,2011,3990.0,52,GO,6250460,Desligado,115255,63.83530172179327,1843.9442857005724
Furto de veículo,Goiás,2012,2107.0,52,GO,6343140,Desligado,112219,33.21698717039195,1769.1395744063666
Furto de veículo,Goiás,2013,4079.0,52,GO,6434050,Desligado,147421,63.39708270840295,2291.262890403401
Furto de veículo,Goiás,2014,,52,GO,6523220,Desligado,134197,,2057.2202071982856
Estupro,Goiás,2010,,52,GO,6155270,Desligado,113565,,1845.0043621157156
Estupro,Goiás,2011,1222.0,52,GO,6250460,Desligado,115255,19.550561078704607,1843.9442857005724
Estupro,Goiás,2012,860.0,52,GO,6343140,Desligado,112219,13.557953947098756,1769.1395744063666
Estupro,Goiás,2013,1157.0,52,GO,6434050,Desligado,147421,17.98245273194955,2291.262890403401
Estupro,Goiás,2014,,52,GO,6523220,Desligado,134197,,2057.2202071982856
Roubo seguido de morte (latrocínio),Maranhão,2010,,21,MA,6603880,Desligado,79283,,1200.551796822474
Roubo seguido de morte (latrocínio),Maranhão,2011,98.0,21,MA,6670980,Desligado,85342,1.4690495249573525,1279.3022914174528
Roubo seguido de morte (latrocínio),Maranhão,2012,54.0,21,MA,6734350,Desligado,78636,0.8018591252310914,1167.685077253187
Roubo seguido de morte (latrocínio),Maranhão,2013,63.0,21,MA,6794300,Desligado,96589,0.9272478401012614,1421.6181210720752
Roubo seguido de morte (latrocínio),Maranhão,2014,72.0,21,MA,6850880,Desligado,68432,1.0509598766873745,998.8789761315335
Roubo de veículo,Maranhão,2010,,21,MA,6603880,Desligado,79283,,1200.551796822474
Roubo de veículo,Maranhão,2011,1085.0,21,MA,6670980,Desligado,85342,16.264476883456403,1279.3022914174528
Roubo de veículo,Maranhão,2012,1492.0,21,MA,6734350,Desligado,78636,22.15507064527386,1167.685077253187
Roubo de veículo,Maranhão,2013,2098.0,21,MA,6794300,Desligado,96589,30.87882489734042,1421.6181210720752
Roubo de veículo,Maranhão,2014,3347.0,21,MA,6850880,Desligado,68432,48.85503760100892,998.8789761315335
Lesão corporal seguida de morte,Maranhão,2010,,21,MA,6603880,Desligado,79283,,1200.551796822474
Lesão corporal seguida de morte,Maranhão,2011,218.0,21,MA,6670980,Desligado,85342,3.2678856779663557,1279.3022914174528
Lesão corporal seguida de morte,Maranhão,2012,102.0,21,MA,6734350,Desligado,78636,1.5146227921031725,1167.685077253187
Lesão corporal seguida de morte,Maranhão,2013,99.0,21,MA,6794300,Desligado,96589,1.4571037487305536,1421.6181210720752
Lesão corporal seguida de morte,Maranhão,2014,125.0,21,MA,6850880,Desligado,68432,1.8245831192489141,998.8789761315335
Homicídio doloso,Maranhão,2010,,21,MA,6603880,Desligado,79283,,1200.551796822474
Homicídio doloso,Maranhão,2011,1229.0,21,MA,6670980,Desligado,85342,18.423080267067206,1279.3022914174528
Homicídio doloso,Maranhão,2012,1458.0,21,MA,6734350,Desligado,78636,21.650196381239468,1167.685077253187
Homicídio doloso,Maranhão,2013,1595.0,21,MA,6794300,Desligado,96589,23.475560396214473,1421.6181210720752
Homicídio doloso,Maranhão,2014,1904.0,21,MA,6850880,Desligado,68432,27.79205007239946,998.8789761315335
Furto de veículo,Maranhão,2010,,21,MA,6603880,Desligado,79283,,1200.551796822474
Furto de veículo,Maranhão,2011,1282.0,21,MA,6670980,Desligado,85342,19.217566234646185,1279.3022914174528
Furto de veículo,Maranhão,2012,1296.0,21,MA,6734350,Desligado,78636,19.244619005546195,1167.685077253187
Furto de veículo,Maranhão,2013,1348.0,21,MA,6794300,Desligado,96589,19.840160134230164,1421.6181210720752
Furto de veículo,Maranhão,2014,1735.0,21,MA,6850880,Desligado,68432,25.325213695174924,998.8789761315335
Estupro,Maranhão,2010,,21,MA,6603880,Desligado,79283,,1200.551796822474
Estupro,Maranhão,2011,972.0,21,MA,6670980,Desligado,85342,14.570572839372925,1279.3022914174528
Estupro,Maranhão,2012,967.0,21,MA,6734350,Desligado,78636,14.359218038860469,1167.685077253187
Estupro,Maranhão,2013,1034.0,21,MA,6794300,Desligado,96589,15.218639153408004,1421.6181210720752
Estupro,Maranhão,2014,1019.0,21,MA,6850880,Desligado,68432,14.874001588117148,998.8789761315335
Roubo seguido de morte (latrocínio),Mato Grosso,2010,,51,MT,3049350,Desligado,81681,,2678.6364307147423
Roubo seguido de morte (latrocínio),Mato Grosso,2011,49.0,51,MT,3094550,Desligado,74736,1.5834289315086199,2415.084584188331
Roubo seguido de morte (latrocínio),Mato Grosso,2012,40.0,51,MT,3138820,Desligado,86505,1.2743642515340161,2755.9719894737514
Roubo seguido de morte (latrocínio),Mato Grosso,2013,47.0,51,MT,3182110,Desligado,93567,1.477007394464679,2940.407465486737
Roubo seguido de morte (latrocínio),Mato Grosso,2014,46.0,51,MT,3224360,Desligado,80664,1.4266397052438313,2501.705764864965
Roubo de veículo,Mato Grosso,2010,,51,MT,3049350,Desligado,81681,,2678.6364307147423
Roubo de veículo,Mato Grosso,2011,2176.0,51,MT,3094550,Desligado,74736,70.31717050944403,2415.084584188331
Roubo de veículo,Mato Grosso,2012,2512.0,51,MT,3138820,Desligado,86505,80.0300749963362,2755.9719894737514
Roubo de veículo,Mato Grosso,2013,3281.0,51,MT,3182110,Desligado,93567,103.10768640933217,2940.407465486737
Roubo de veículo,Mato Grosso,2014,4338.0,51,MT,3224360,Desligado,80664,134.53832698582045,2501.705764864965
Lesão corporal seguida de morte,Mato Grosso,2010,,51,MT,3049350,Desligado,81681,,2678.6364307147423
Lesão corporal seguida de morte,Mato Grosso,2011,22.0,51,MT,3094550,Desligado,74736,0.7109272753712171,2415.084584188331
Lesão corporal seguida de morte,Mato Grosso,2012,59.0,51,MT,3138820,Desligado,86505,1.8796872710126737,2755.9719894737514
Lesão corporal seguida de morte,Mato Grosso,2013,64.0,51,MT,3182110,Desligado,93567,2.011244111611478,2940.407465486737
Lesão corporal seguida de morte,Mato Grosso,2014,33.0,51,MT,3224360,Desligado,80664,1.0234589189792702,2501.705764864965
Homicídio doloso,Mato Grosso,2010,,51,MT,3049350,Desligado,81681,,2678.6364307147423
Homicídio doloso,Mato Grosso,2011,944.0,51,MT,3094550,Desligado,74736,30.505243088655863,2415.084584188331
Homicídio doloso,Mato Grosso,2012,933.0,51,MT,3138820,Desligado,86505,29.72454616703092,2755.9719894737514
Homicídio doloso,Mato Grosso,2013,1001.0,51,MT,3182110,Desligado,93567,31.457114933173273,2940.407465486737
Homicídio doloso,Mato Grosso,2014,1276.0,51,MT,3224360,Desligado,80664,39.57374486719845,2501.705764864965
Furto de veículo,Mato Grosso,2010,,51,MT,3049350,Desligado,81681,,2678.6364307147423
Furto de veículo,Mato Grosso,2011,2712.0,51,MT,3094550,Desligado,74736,87.63794412757913,2415.084584188331
Furto de veículo,Mato Grosso,2012,3108.0,51,MT,3138820,Desligado,86505,99.01810234419304,2755.9719894737514
Furto de veículo,Mato Grosso,2013,3289.0,51,MT,3182110,Desligado,93567,103.35909192328361,2940.407465486737
Furto de veículo,Mato Grosso,2014,4025.0,51,MT,3224360,Desligado,80664,124.83097420883523,2501.705764864965
Estupro,Mato Grosso,2010,,51,MT,3049350,Desligado,81681,,2678.6364307147423
Estupro,Mato Grosso,2011,1063.0,51,MT,3094550,Desligado,74736,34.350713350891084,2415.084584188331
Estupro,Mato Grosso,2012,1204.0,51,MT,3138820,Desligado,86505,38.35836397117388,2755.9719894737514
Estupro,Mato Grosso,2013,1401.0,51,MT,3182110,Desligado,93567,44.02739063074501,2940.407465486737
Estupro,Mato Grosso,2014,1300.0,51,MT,3224360,Desligado,80664,40.318078626456106,2501.705764864965
Roubo seguido de morte (latrocínio),Mato Grosso do Sul,2010,,50,MS,2486260,Desligado,62459,,2512.166869112643
Roubo seguido de morte (latrocínio),Mato Grosso do Sul,2011,19.0,50,MS,2520300,Desligado,73066,0.7538785065270008,2899.099313573781
Roubo seguido de morte (latrocínio),Mato Grosso do Sul,2012,14.0,50,MS,2554130,Desligado,78111,0.5481318492010978,3058.2233480676396
Roubo seguido de morte (latrocínio),Mato Grosso do Sul,2013,13.0,50,MS,2587270,Desligado,98113,0.5024601220591589,3792.143842737712
Roubo seguido de morte (latrocínio),Mato Grosso do Sul,2014,19.0,50,MS,2619660,Desligado,80995,0.7252849606437476,3091.8134414389656
Roubo de veículo,Mato Grosso do Sul,2010,,50,MS,2486260,Desligado,62459,,2512.166869112643
Roubo de veículo,Mato Grosso do Sul,2011,407.0,50,MS,2520300,Desligado,73066,16.148871166131016,2899.099313573781
Roubo de veículo,Mato Grosso do Sul,2012,332.0,50,MS,2554130,Desligado,78111,12.998555281054607,3058.2233480676396
Roubo de veículo,Mato Grosso do Sul,2013,490.0,50,MS,2587270,Desligado,98113,18.9388815237683,3792.143842737712
Roubo de veículo,Mato Grosso do Sul,2014,546.0,50,MS,2619660,Desligado,80995,20.84239939534138,3091.8134414389656
Lesão corporal seguida de morte,Mato Grosso do Sul,2010,,50,MS,2486260,Desligado,62459,,2512.166869112643
Lesão corporal seguida de morte,Mato Grosso do Sul,2011,7.0,50,MS,2520300,Desligado,73066,0.2777447129310003,2899.099313573781
Lesão corporal seguida de morte,Mato Grosso do Sul,2012,16.0,50,MS,2554130,Desligado,78111,0.6264363990869689,3058.2233480676396
Lesão corporal seguida de morte,Mato Grosso do Sul,2013,9.0,50,MS,2587270,Desligado,98113,0.3478570075794177,3792.143842737712
Lesão corporal seguida de morte,Mato Grosso do Sul,2014,7.0,50,MS,2619660,Desligado,80995,0.2672102486582228,3091.8134414389656
Homicídio doloso,Mato Grosso do Sul,2010,,50,MS,2486260,Desligado,62459,,2512.166869112643
Homicídio doloso,Mato Grosso do Sul,2011,433.0,50,MS,2520300,Desligado,73066,17.180494385589018,2899.099313573781
Homicídio doloso,Mato Grosso do Sul,2012,367.0,50,MS,2554130,Desligado,78111,14.36888490405735,3058.2233480676396
Homicídio doloso,Mato Grosso do Sul,2013,449.0,50,MS,2587270,Desligado,98113,17.35419960035095,3792.143842737712
Homicídio doloso,Mato Grosso do Sul,2014,463.0,50,MS,2619660,Desligado,80995,17.674049304108166,3091.8134414389656
Furto de veículo,Mato Grosso do Sul,2010,,50,MS,2486260,Desligado,62459,,2512.166869112643
Furto de veículo,Mato Grosso do Sul,2011,1175.0,50,MS,2520300,Desligado,73066,46.62143395627505,2899.099313573781
Furto de veículo,Mato Grosso do Sul,2012,1145.0,50,MS,2554130,Desligado,78111,44.82935480966121,3058.2233480676396
Furto de veículo,Mato Grosso do Sul,2013,1509.0,50,MS,2587270,Desligado,98113,58.32402493748237,3792.143842737712
Furto de veículo,Mato Grosso do Sul,2014,1602.0,50,MS,2619660,Desligado,80995,61.15297405006756,3091.8134414389656
Estupro,Mato Grosso do Sul,2010,,50,MS,2486260,Desligado,62459,,2512.166869112643
Estupro,Mato Grosso do Sul,2011,1008.0,50,MS,2520300,Desligado,73066,39.99523866206404,2899.099313573781
Estupro,Mato Grosso do Sul,2012,981.0,50,MS,2554130,Desligado,78111,38.408381719019786,3058.2233480676396
Estupro,Mato Grosso do Sul,2013,1287.0,50,MS,2587270,Desligado,98113,49.743552083856734,3792.143842737712
Estupro,Mato Grosso do Sul,2014,1326.0,50,MS,2619660,Desligado,80995,50.61725567440049,3091.8134414389656
Roubo seguido de morte (latrocínio),Minas Gerais,2010,,31,MG,20134700,Desligado,325825,,1618.2262462316298
Roubo seguido de morte (latrocínio),Minas Gerais,2011,90.0,31,MG,20294500,Desligado,305873,0.44346990563945893,1507.1718938628692
Roubo seguido de morte (latrocínio),Minas Gerais,2012,128.0,31,MG,20446800,Desligado,378411,0.6260148287262555,1850.7101355713362
Roubo seguido de morte (latrocínio),Minas Gerais,2013,84.0,31,MG,20593400,Desligado,361077,0.407897675954432,1753.362727864267
Roubo seguido de morte (latrocínio),Minas Gerais,2014,67.0,31,MG,20734100,Desligado,291268,0.32313917652562685,1404.7776368397952
Roubo de veículo,Minas Gerais,2010,,31,MG,20134700,Desligado,325825,,1618.2262462316298
Roubo de veículo,Minas Gerais,2011,4065.0,31,MG,20294500,Desligado,305873,20.030057404715564,1507.1718938628692
Roubo de veículo,Minas Gerais,2012,4896.0,31,MG,20446800,Desligado,378411,23.94506719877927,1850.7101355713362
Roubo de veículo,Minas Gerais,2013,3846.0,31,MG,20593400,Desligado,361077,18.675886449056495,1753.362727864267
Roubo de veículo,Minas Gerais,2014,,31,MG,20734100,Desligado,291268,,1404.7776368397952
Lesão corporal seguida de morte,Minas Gerais,2010,,31,MG,20134700,Desligado,325825,,1618.2262462316298
Lesão corporal seguida de morte,Minas Gerais,2011,60.0,31,MG,20294500,Desligado,305873,0.2956466037596393,1507.1718938628692
Lesão corporal seguida de morte,Minas Gerais,2012,73.0,31,MG,20446800,Desligado,378411,0.3570240820079426,1850.7101355713362
Lesão corporal seguida de morte,Minas Gerais,2013,61.0,31,MG,20593400,Desligado,361077,0.2962114075383375,1753.362727864267
Lesão corporal seguida de morte,Minas Gerais,2014,64.0,31,MG,20734100,Desligado,291268,0.3086702581737331,1404.7776368397952
Homicídio doloso,Minas Gerais,2010,,31,MG,20134700,Desligado,325825,,1618.2262462316298
Homicídio doloso,Minas Gerais,2011,3630.0,31,MG,20294500,Desligado,305873,17.88661952745818,1507.1718938628692
Homicídio doloso,Minas Gerais,2012,3924.0,31,MG,20446800,Desligado,378411,19.19126709313927,1850.7101355713362
Homicídio doloso,Minas Gerais,2013,4095.0,31,MG,20593400,Desligado,361077,19.88501170277856,1753.362727864267
Homicídio doloso,Minas Gerais,2014,3958.0,31,MG,20734100,Desligado,291268,19.089326278931807,1404.7776368397952
Furto de veículo,Minas Gerais,2010,,31,MG,20134700,Desligado,325825,,1618.2262462316298
Furto de veículo,Minas Gerais,2011,10272.172999999999,31,MG,20294500,Desligado,305873,50.61555101135776,1507.1718938628692
Furto de veículo,Minas Gerais,2012,22606.0,31,MG,20446800,Desligado,378411,110.56008764207601,1850.7101355713362
Furto de veículo,Minas Gerais,2013,13689.0,31,MG,20593400,Desligado,361077,66.4727534064312,1753.362727864267
Furto de veículo,Minas Gerais,2014,,31,MG,20734100,Desligado,291268,,1404.7776368397952
Estupro,Minas Gerais,2010,,31,MG,20134700,Desligado,325825,,1618.2262462316298
Estupro,Minas Gerais,2011,1760.0,31,MG,20294500,Desligado,305873,8.672300376949421,1507.1718938628692
Estupro,Minas Gerais,2012,2007.0,31,MG,20446800,Desligado,378411,9.815716884793709,1850.7101355713362
Estupro,Minas Gerais,2013,874.0,31,MG,20593400,Desligado,361077,4.24407819981159,1753.362727864267
Estupro,Minas Gerais,2014,,31,MG,20734100,Desligado,291268,,1404.7776368397952
Roubo seguido de morte (latrocínio),Pará,2010,,15,PA,7638340,Desligado,63243,,827.9678568903714
Roubo seguido de morte (latrocínio),Pará,2011,48.0,15,PA,7751990,Desligado,80281,0.6191958451958788,1035.6179510035488
Roubo seguido de morte (latrocínio),Pará,2012,130.0,15,PA,7862330,Desligado,75869,1.6534538743603997,964.9683999526858
Roubo seguido de morte (latrocínio),Pará,2013,148.0,15,PA,7969650,Desligado,119665,1.8570451650950794,1501.5088491966399
Roubo seguido de morte (latrocínio),Pará,2014,175.0,15,PA,8073920,Desligado,69927,2.167472553604693,866.0848757480877
Roubo de veículo,Pará,2010,,15,PA,7638340,Desligado,63243,,827.9678568903714
Roubo de veículo,Pará,2011,1306.0,15,PA,7751990,Desligado,80281,16.847286954704533,1035.6179510035488
Roubo de veículo,Pará,2012,,15,PA,7862330,Desligado,75869,,964.9683999526858
Roubo de veículo,Pará,2013,3804.0,15,PA,7969650,Desligado,119665,47.731079783930284,1501.5088491966399
Roubo de veículo,Pará,2014,2399.0,15,PA,8073920,Desligado,69927,29.712952320558045,866.0848757480877
Lesão corporal seguida de morte,Pará,2010,,15,PA,7638340,Desligado,63243,,827.9678568903714
Lesão corporal seguida de morte,Pará,2011,12.0,15,PA,7751990,Desligado,80281,0.1547989612989697,1035.6179510035488
Lesão corporal seguida de morte,Pará,2012,43.0,15,PA,7862330,Desligado,75869,0.5469116661345936,964.9683999526858
Lesão corporal seguida de morte,Pará,2013,41.0,15,PA,7969650,Desligado,119665,0.5144517011412044,1501.5088491966399
Lesão corporal seguida de morte,Pará,2014,24.0,15,PA,8073920,Desligado,69927,0.29725337878007213,866.0848757480877
Homicídio doloso,Pará,2010,,15,PA,7638340,Desligado,63243,,827.9678568903714
Homicídio doloso,Pará,2011,1131.0,15,PA,7751990,Desligado,80281,14.589802102427894,1035.6179510035488
Homicídio doloso,Pará,2012,3042.0,15,PA,7862330,Desligado,75869,38.69082066003335,964.9683999526858
Homicídio doloso,Pará,2013,3163.0,15,PA,7969650,Desligado,119665,39.68806660267389,1501.5088491966399
Homicídio doloso,Pará,2014,3232.0,15,PA,8073920,Desligado,69927,40.03012167571638,866.0848757480877
Furto de veículo,Pará,2010,,15,PA,7638340,Desligado,63243,,827.9678568903714
Furto de veículo,Pará,2011,1227.0,15,PA,7751990,Desligado,80281,15.82819379281965,1035.6179510035488
Furto de veículo,Pará,2012,,15,PA,7862330,Desligado,75869,,964.9683999526858
Furto de veículo,Pará,2013,1429.0,15,PA,7969650,Desligado,119665,17.930523925141003,1501.5088491966399
Furto de veículo,Pará,2014,797.0,15,PA,8073920,Desligado,69927,9.87128928698823,866.0848757480877
Estupro,Pará,2010,,15,PA,7638340,Desligado,63243,,827.9678568903714
Estupro,Pará,2011,713.0,15,PA,7751990,Desligado,80281,9.197638283847116,1035.6179510035488
Estupro,Pará,2012,1729.0,15,PA,7862330,Desligado,75869,21.990936528993313,964.9683999526858
Estupro,Pará,2013,2637.0,15,PA,7969650,Desligado,119665,33.08802770510625,1501.5088491966399
Estupro,Pará,2014,550.0,15,PA,8073920,Desligado,69927,6.812056597043321,866.0848757480877
Roubo seguido de morte (latrocínio),Paraíba,2010,,25,PB,3819240,Desligado,22135,,579.5655680187682
Roubo seguido de morte (latrocínio),Paraíba,2011,27.0,25,PB,3852080,Desligado,23618,0.7009200224294407,613.1232996199456
Roubo seguido de morte (latrocínio),Paraíba,2012,21.0,25,PB,3883820,Desligado,24525,0.5407047700459857,631.4659278751332
Roubo seguido de morte (latrocínio),Paraíba,2013,20.0,25,PB,3914420,Desligado,32204,0.510931376806781,822.7017029342788
Roubo seguido de morte (latrocínio),Paraíba,2014,19.0,25,PB,3943880,Desligado,21065,0.48175907989086886,534.1186851526924
Roubo de veículo,Paraíba,2010,,25,PB,3819240,Desligado,22135,,579.5655680187682
Roubo de veículo,Paraíba,2011,501.0,25,PB,3852080,Desligado,23618,13.005960416190732,613.1232996199456
Roubo de veículo,Paraíba,2012,451.0,25,PB,3883820,Desligado,24525,11.612278632892359,631.4659278751332
Roubo de veículo,Paraíba,2013,387.0,25,PB,3914420,Desligado,32204,9.886522141211215,822.7017029342788
Roubo de veículo,Paraíba,2014,570.0,25,PB,3943880,Desligado,21065,14.452772396726067,534.1186851526924
Lesão corporal seguida de morte,Paraíba,2010,,25,PB,3819240,Desligado,22135,,579.5655680187682
Lesão corporal seguida de morte,Paraíba,2011,7.0,25,PB,3852080,Desligado,23618,0.1817200058150402,613.1232996199456
Lesão corporal seguida de morte,Paraíba,2012,4.0,25,PB,3883820,Desligado,24525,0.10299138477066394,631.4659278751332
Lesão corporal seguida de morte,Paraíba,2013,4.0,25,PB,3914420,Desligado,32204,0.1021862753613562,822.7017029342788
Lesão corporal seguida de morte,Paraíba,2014,5.0,25,PB,3943880,Desligado,21065,0.12677870523443918,534.1186851526924
Homicídio doloso,Paraíba,2010,,25,PB,3819240,Desligado,22135,,579.5655680187682
Homicídio doloso,Paraíba,2011,1633.0,25,PB,3852080,Desligado,23618,42.3926813565658,613.1232996199456
Homicídio doloso,Paraíba,2012,1476.0,25,PB,3883820,Desligado,24525,38.00382098037499,631.4659278751332
Homicídio doloso,Paraíba,2013,1482.0,25,PB,3914420,Desligado,32204,37.86001502138247,822.7017029342788
Homicídio doloso,Paraíba,2014,1431.0,25,PB,3943880,Desligado,21065,36.2840654380965,534.1186851526924
Furto de veículo,Paraíba,2010,,25,PB,3819240,Desligado,22135,,579.5655680187682
Furto de veículo,Paraíba,2011,288.0,25,PB,3852080,Desligado,23618,7.476480239247367,613.1232996199456
Furto de veículo,Paraíba,2012,321.0,25,PB,3883820,Desligado,24525,8.26505862784578,631.4659278751332
Furto de veículo,Paraíba,2013,323.0,25,PB,3914420,Desligado,32204,8.251541735429514,822.7017029342788
Furto de veículo,Paraíba,2014,544.0,25,PB,3943880,Desligado,21065,13.793523129506982,534.1186851526924
Estupro,Paraíba,2010,,25,PB,3819240,Desligado,22135,,579.5655680187682
Estupro,Paraíba,2011,265.0,25,PB,3852080,Desligado,23618,6.879400220140807,613.1232996199456
Estupro,Paraíba,2012,336.0,25,PB,3883820,Desligado,24525,8.651276320735771,631.4659278751332
Estupro,Paraíba,2013,341.0,25,PB,3914420,Desligado,32204,8.711379974555618,822.7017029342788
Estupro,Paraíba,2014,367.0,25,PB,3943880,Desligado,21065,9.305556964207836,534.1186851526924
Roubo seguido de morte (latrocínio),Pernambuco,2010,,26,PE,8985660,Desligado,129980,,1446.5270219438528
Roubo seguido de morte (latrocínio),Pernambuco,2011,78.0,26,PE,9062510,Desligado,130558,0.8606887054469456,1440.63841033003
Roubo seguido de morte (latrocínio),Pernambuco,2012,84.0,26,PE,9136700,Desligado,161926,0.9193691376536386,1772.25913075837
Roubo seguido de morte (latrocínio),Pernambuco,2013,73.0,26,PE,9208550,Desligado,189015,0.7927415282536338,2052.603287162474
Roubo seguido de morte (latrocínio),Pernambuco,2014,,26,PE,9278150,Desligado,137104,,1477.7083793644208
Roubo de veículo,Pernambuco,2010,,26,PE,8985660,Desligado,129980,,1446.5270219438528
Roubo de veículo,Pernambuco,2011,7010.0,26,PE,9062510,Desligado,130558,77.35163878439857,1440.63841033003
Roubo de veículo,Pernambuco,2012,6.972,26,PE,9136700,Desligado,161926,0.07630763842525201,1772.25913075837
Roubo de veículo,Pernambuco,2013,7012.0,26,PE,9208550,Desligado,189015,76.14662460430795,2052.603287162474
Roubo de veículo,Pernambuco,2014,,26,PE,9278150,Desligado,137104,,1477.7083793644208
Lesão corporal seguida de morte,Pernambuco,2010,,26,PE,8985660,Desligado,129980,,1446.5270219438528
Lesão corporal seguida de morte,Pernambuco,2011,49.0,26,PE,9062510,Desligado,130558,0.5406890585500044,1440.63841033003
Lesão corporal seguida de morte,Pernambuco,2012,82.0,26,PE,9136700,Desligado,161926,0.8974793962809329,1772.25913075837
Lesão corporal seguida de morte,Pernambuco,2013,111.0,26,PE,9208550,Desligado,189015,1.2054015018651145,2052.603287162474
Lesão corporal seguida de morte,Pernambuco,2014,,26,PE,9278150,Desligado,137104,,1477.7083793644208
Homicídio doloso,Pernambuco,2010,,26,PE,8985660,Desligado,129980,,1446.5270219438528
Homicídio doloso,Pernambuco,2011,3251.0,26,PE,9062510,Desligado,130558,35.87306386420539,1440.63841033003
Homicídio doloso,Pernambuco,2012,3.063,26,PE,9136700,Desligado,161926,0.03352413891229875,1772.25913075837
Homicídio doloso,Pernambuco,2013,2853.0,26,PE,9208550,Desligado,189015,30.982076439830376,2052.603287162474
Homicídio doloso,Pernambuco,2014,,26,PE,9278150,Desligado,137104,,1477.7083793644208
Furto de veículo,Pernambuco,2010,,26,PE,8985660,Desligado,129980,,1446.5270219438528
Furto de veículo,Pernambuco,2011,2470.0,26,PE,9062510,Desligado,130558,27.25514233915328,1440.63841033003
Furto de veículo,Pernambuco,2012,2.9960000000000004,26,PE,9136700,Desligado,161926,0.032790832576313114,1772.25913075837
Furto de veículo,Pernambuco,2013,3413.0,26,PE,9208550,Desligado,189015,37.063381314104824,2052.603287162474
Furto de veículo,Pernambuco,2014,,26,PE,9278150,Desligado,137104,,1477.7083793644208
Estupro,Pernambuco,2010,,26,PE,8985660,Desligado,129980,,1446.5270219438528
Estupro,Pernambuco,2011,1972.0,26,PE,9062510,Desligado,130558,21.759975988992014,1440.63841033003
Estupro,Pernambuco,2012,1.943,26,PE,9136700,Desligado,161926,0.021265883743583573,1772.25913075837
Estupro,Pernambuco,2013,1927.0,26,PE,9208550,Desligado,189015,20.926204451297977,2052.603287162474
Estupro,Pernambuco,2014,,26,PE,9278150,Desligado,137104,,1477.7083793644208
Roubo seguido de morte (latrocínio),Piauí,2010,,22,PI,3142950,Desligado,25955,,825.816509966751
Roubo seguido de morte (latrocínio),Piauí,2011,4.0,22,PI,3158000,Desligado,20630,0.12666244458518047,653.2615579480685
Roubo seguido de morte (latrocínio),Piauí,2012,20.0,22,PI,3171460,Desligado,19159,0.6306243811998259,604.1066259703733
Roubo seguido de morte (latrocínio),Piauí,2013,29.0,22,PI,3183400,Desligado,26258,0.9109756863730603,824.8413645787522
Roubo seguido de morte (latrocínio),Piauí,2014,33.0,22,PI,3193960,Desligado,24348,1.0332001653120264,762.3138674247642
Roubo de veículo,Piauí,2010,,22,PI,3142950,Desligado,25955,,825.816509966751
Roubo de veículo,Piauí,2011,717.0,22,PI,3158000,Desligado,20630,22.704243191893603,653.2615579480685
Roubo de veículo,Piauí,2012,1131.0,22,PI,3171460,Desligado,19159,35.66180875685016,604.1066259703733
Roubo de veículo,Piauí,2013,1653.0,22,PI,3183400,Desligado,26258,51.92561412326443,824.8413645787522
Roubo de veículo,Piauí,2014,2866.0,22,PI,3193960,Desligado,24348,89.73186890255357,762.3138674247642
Lesão corporal seguida de morte,Piauí,2010,,22,PI,3142950,Desligado,25955,,825.816509966751
Lesão corporal seguida de morte,Piauí,2011,4.0,22,PI,3158000,Desligado,20630,0.12666244458518047,653.2615579480685
Lesão corporal seguida de morte,Piauí,2012,18.0,22,PI,3171460,Desligado,19159,0.5675619430798433,604.1066259703733
Lesão corporal seguida de morte,Piauí,2013,16.0,22,PI,3183400,Desligado,26258,0.5026072752403091,824.8413645787522
Lesão corporal seguida de morte,Piauí,2014,14.0,22,PI,3193960,Desligado,24348,0.43832734285964764,762.3138674247642
Homicídio doloso,Piauí,2010,,22,PI,3142950,Desligado,25955,,825.816509966751
Homicídio doloso,Piauí,2011,341.0,22,PI,3158000,Desligado,20630,10.797973400886637,653.2615579480685
Homicídio doloso,Piauí,2012,479.0,22,PI,3171460,Desligado,19159,15.103453929735831,604.1066259703733
Homicídio doloso,Piauí,2013,501.0,22,PI,3183400,Desligado,26258,15.737890305962177,824.8413645787522
Homicídio doloso,Piauí,2014,659.0,22,PI,3193960,Desligado,24348,20.632694210321983,762.3138674247642
Furto de veículo,Piauí,2010,,22,PI,3142950,Desligado,25955,,825.816509966751
Furto de veículo,Piauí,2011,718.0,22,PI,3158000,Desligado,20630,22.7359088030399,653.2615579480685
Furto de veículo,Piauí,2012,831.0,22,PI,3171460,Desligado,19159,26.202443038852767,604.1066259703733
Furto de veículo,Piauí,2013,1159.0,22,PI,3183400,Desligado,26258,36.40761450021989,824.8413645787522
Furto de veículo,Piauí,2014,1456.0,22,PI,3193960,Desligado,24348,45.586043657403344,762.3138674247642
Estupro,Piauí,2010,,22,PI,3142950,Desligado,25955,,825.816509966751
Estupro,Piauí,2011,238.0,22,PI,3158000,Desligado,20630,7.53641545281824,653.2615579480685
Estupro,Piauí,2012,442.0,22,PI,3171460,Desligado,19159,13.936798824516153,604.1066259703733
Estupro,Piauí,2013,443.0,22,PI,3183400,Desligado,26258,13.915938933216058,824.8413645787522
Estupro,Piauí,2014,481.0,22,PI,3193960,Desligado,24348,15.05967513682075,762.3138674247642
Roubo seguido de morte (latrocínio),Paraná,2010,,41,PR,10729000,Desligado,205130,,1911.9209618790194
Roubo seguido de morte (latrocínio),Paraná,2011,57.0,41,PR,10820400,Desligado,179607,0.5267827437063325,1659.8924254186538
Roubo seguido de morte (latrocínio),Paraná,2012,42.0,41,PR,10910400,Desligado,186006,0.3849538055433348,1704.8504179498461
Roubo seguido de morte (latrocínio),Paraná,2013,46.0,41,PR,10997500,Desligado,195194,0.4182768811093431,1774.8942941577632
Roubo seguido de morte (latrocínio),Paraná,2014,44.0,41,PR,11081700,Desligado,168747,0.3970509939810679,1522.753729120983
Roubo de veículo,Paraná,2010,,41,PR,10729000,Desligado,205130,,1911.9209618790194
Roubo de veículo,Paraná,2011,,41,PR,10820400,Desligado,179607,,1659.8924254186538
Roubo de veículo,Paraná,2012,,41,PR,10910400,Desligado,186006,,1704.8504179498461
Roubo de veículo,Paraná,2013,7628.0,41,PR,10997500,Desligado,195194,69.36121845874062,1774.8942941577632
Roubo de veículo,Paraná,2014,8539.0,41,PR,11081700,Desligado,168747,77.0549644910077,1522.753729120983
Lesão corporal seguida de morte,Paraná,2010,,41,PR,10729000,Desligado,205130,,1911.9209618790194
Lesão corporal seguida de morte,Paraná,2011,102.0,41,PR,10820400,Desligado,179607,0.9426638571587003,1659.8924254186538
Lesão corporal seguida de morte,Paraná,2012,109.0,41,PR,10910400,Desligado,186006,0.9990467810529403,1704.8504179498461
Lesão corporal seguida de morte,Paraná,2013,86.0,41,PR,10997500,Desligado,195194,0.7819959081609457,1774.8942941577632
Lesão corporal seguida de morte,Paraná,2014,81.0,41,PR,11081700,Desligado,168747,0.7309347843742386,1522.753729120983
Homicídio doloso,Paraná,2010,,41,PR,10729000,Desligado,205130,,1911.9209618790194
Homicídio doloso,Paraná,2011,1955.0,41,PR,10820400,Desligado,179607,18.06772392887509,1659.8924254186538
Homicídio doloso,Paraná,2012,1455.0,41,PR,10910400,Desligado,186006,13.335899692036955,1704.8504179498461
Homicídio doloso,Paraná,2013,1229.0,41,PR,10997500,Desligado,195194,11.17526710616049,1774.8942941577632
Homicídio doloso,Paraná,2014,1367.0,41,PR,11081700,Desligado,168747,12.335652472093633,1522.753729120983
Furto de veículo,Paraná,2010,,41,PR,10729000,Desligado,205130,,1911.9209618790194
Furto de veículo,Paraná,2011,,41,PR,10820400,Desligado,179607,,1659.8924254186538
Furto de veículo,Paraná,2012,,41,PR,10910400,Desligado,186006,,1704.8504179498461
Furto de veículo,Paraná,2013,15370.0,41,PR,10997500,Desligado,195194,139.75903614457832,1774.8942941577632
Furto de veículo,Paraná,2014,16452.0,41,PR,11081700,Desligado,168747,148.460976204012,1522.753729120983
Estupro,Paraná,2010,,41,PR,10729000,Desligado,205130,,1911.9209618790194
Estupro,Paraná,2011,3218.0,41,PR,10820400,Desligado,179607,29.740120513104873,1659.8924254186538
Estupro,Paraná,2012,3523.0,41,PR,10910400,Desligado,186006,32.29029183164687,1704.8504179498461
Estupro,Paraná,2013,3584.0,41,PR,10997500,Desligado,195194,32.58922482382359,1774.8942941577632
Estupro,Paraná,2014,4298.0,41,PR,11081700,Desligado,168747,38.784663002968855,1522.753729120983
Roubo seguido de morte (latrocínio),Rio de Janeiro,2010,,33,RJ,16074000,Desligado,264082,,1642.9140226452657
Roubo seguido de morte (latrocínio),Rio de Janeiro,2011,116.0,33,RJ,16175500,Desligado,274712,0.7171339371271367,1698.3215356557757
Roubo seguido de morte (latrocínio),Rio de Janeiro,2012,136.0,33,RJ,16274000,Desligado,295879,0.8356888288066856,1818.1086395477448
Roubo seguido de morte (latrocínio),Rio de Janeiro,2013,145.0,33,RJ,16369200,Desligado,357047,0.8858099357329619,2181.212276714806
Roubo seguido de morte (latrocínio),Rio de Janeiro,2014,146.0,33,RJ,16461200,Desligado,307251,0.8869341238791826,1866.516414356183
Roubo de veículo,Rio de Janeiro,2010,,33,RJ,16074000,Desligado,264082,,1642.9140226452657
Roubo de veículo,Rio de Janeiro,2011,18773.0,33,RJ,16175500,Desligado,274712,116.05823622144601,1698.3215356557757
Roubo de veículo,Rio de Janeiro,2012,18977.091,33,RJ,16274000,Desligado,295879,116.60987464667569,1818.1086395477448
Roubo de veículo,Rio de Janeiro,2013,22099.908,33,RJ,16369200,Desligado,357047,135.0090902426508,2181.212276714806
Roubo de veículo,Rio de Janeiro,2014,19911.753000000004,33,RJ,16461200,Desligado,307251,120.96173425995677,1866.516414356183
Lesão corporal seguida de morte,Rio de Janeiro,2010,,33,RJ,16074000,Desligado,264082,,1642.9140226452657
Lesão corporal seguida de morte,Rio de Janeiro,2011,39.0,33,RJ,16175500,Desligado,274712,0.24110537541343388,1698.3215356557757
Lesão corporal seguida de morte,Rio de Janeiro,2012,24.0,33,RJ,16274000,Desligado,295879,0.14747449920117978,1818.1086395477448
Lesão corporal seguida de morte,Rio de Janeiro,2013,38.0,33,RJ,16369200,Desligado,357047,0.2321432935024314,2181.212276714806
Lesão corporal seguida de morte,Rio de Janeiro,2014,39.0,33,RJ,16461200,Desligado,307251,0.23692075911841176,1866.516414356183
Homicídio doloso,Rio de Janeiro,2010,,33,RJ,16074000,Desligado,264082,,1642.9140226452657
Homicídio doloso,Rio de Janeiro,2011,4009.0,33,RJ,16175500,Desligado,274712,24.784396154678376,1698.3215356557757
Homicídio doloso,Rio de Janeiro,2012,3862.0,33,RJ,16274000,Desligado,295879,23.73110482978985,1818.1086395477448
Homicídio doloso,Rio de Janeiro,2013,4421.0,33,RJ,16369200,Desligado,357047,27.00803948879603,2181.212276714806
Homicídio doloso,Rio de Janeiro,2014,4610.0,33,RJ,16461200,Desligado,307251,28.00524870604816,1866.516414356183
Furto de veículo,Rio de Janeiro,2010,,33,RJ,16074000,Desligado,264082,,1642.9140226452657
Furto de veículo,Rio de Janeiro,2011,15593.0,33,RJ,16175500,Desligado,274712,96.3988748415814,1698.3215356557757
Furto de veículo,Rio de Janeiro,2012,16263.0,33,RJ,16274000,Desligado,295879,99.93240752119947,1818.1086395477448
Furto de veículo,Rio de Janeiro,2013,17668.0,33,RJ,16369200,Desligado,357047,107.93441341055151,2181.212276714806
Furto de veículo,Rio de Janeiro,2014,17684.0,33,RJ,16461200,Desligado,307251,107.42837703205113,1866.516414356183
Estupro,Rio de Janeiro,2010,,33,RJ,16074000,Desligado,264082,,1642.9140226452657
Estupro,Rio de Janeiro,2011,4742.0,33,RJ,16175500,Desligado,274712,29.315940774628295,1698.3215356557757
Estupro,Rio de Janeiro,2012,5971.0,33,RJ,16274000,Desligado,295879,36.69042644709353,1818.1086395477448
Estupro,Rio de Janeiro,2013,5613.0,33,RJ,16369200,Desligado,357047,34.29000806392494,2181.212276714806
Estupro,Rio de Janeiro,2014,5163.0,33,RJ,16461200,Desligado,307251,31.36466357252205,1866.516414356183
Roubo seguido de morte (latrocínio),Rio Grande do Norte,2010,,24,RN,3264650,Desligado,35870,,1098.7395279739023
Roubo seguido de morte (latrocínio),Rio Grande do Norte,2011,,24,RN,3302060,Desligado,40822,,1236.2585779785952
Roubo seguido de morte (latrocínio),Rio Grande do Norte,2012,9.0,24,RN,3338490,Desligado,31001,0.26958295516835457,928.5934659082399
Roubo seguido de morte (latrocínio),Rio Grande do Norte,2013,11.0,24,RN,3373960,Desligado,36813,0.32602639035436104,1091.0917734650084
Roubo seguido de morte (latrocínio),Rio Grande do Norte,2014,20.0,24,RN,3408510,Desligado,26352,0.586766651704117,773.1237402853446
Roubo de veículo,Rio Grande do Norte,2010,,24,RN,3264650,Desligado,35870,,1098.7395279739023
Roubo de veículo,Rio Grande do Norte,2011,,24,RN,3302060,Desligado,40822,,1236.2585779785952
Roubo de veículo,Rio Grande do Norte,2012,3363.0,24,RN,3338490,Desligado,31001,100.73416424790848,928.5934659082399
Roubo de veículo,Rio Grande do Norte,2013,1800.0,24,RN,3373960,Desligado,36813,53.349772967077264,1091.0917734650084
Roubo de veículo,Rio Grande do Norte,2014,822.0,24,RN,3408510,Desligado,26352,24.11610938503921,773.1237402853446
Lesão corporal seguida de morte,Rio Grande do Norte,2010,,24,RN,3264650,Desligado,35870,,1098.7395279739023
Lesão corporal seguida de morte,Rio Grande do Norte,2011,,24,RN,3302060,Desligado,40822,,1236.2585779785952
Lesão corporal seguida de morte,Rio Grande do Norte,2012,10.0,24,RN,3338490,Desligado,31001,0.2995366168537273,928.5934659082399
Lesão corporal seguida de morte,Rio Grande do Norte,2013,88.0,24,RN,3373960,Desligado,36813,2.6082111228348883,1091.0917734650084
Lesão corporal seguida de morte,Rio Grande do Norte,2014,95.0,24,RN,3408510,Desligado,26352,2.787141595594556,773.1237402853446
Homicídio doloso,Rio Grande do Norte,2010,,24,RN,3264650,Desligado,35870,,1098.7395279739023
Homicídio doloso,Rio Grande do Norte,2011,,24,RN,3302060,Desligado,40822,,1236.2585779785952
Homicídio doloso,Rio Grande do Norte,2012,369.0,24,RN,3338490,Desligado,31001,11.052901161902538,928.5934659082399
Homicídio doloso,Rio Grande do Norte,2013,844.0,24,RN,3373960,Desligado,36813,25.01511576900734,1091.0917734650084
Homicídio doloso,Rio Grande do Norte,2014,871.0,24,RN,3408510,Desligado,26352,25.553687681714297,773.1237402853446
Furto de veículo,Rio Grande do Norte,2010,,24,RN,3264650,Desligado,35870,,1098.7395279739023
Furto de veículo,Rio Grande do Norte,2011,,24,RN,3302060,Desligado,40822,,1236.2585779785952
Furto de veículo,Rio Grande do Norte,2012,1258.0,24,RN,3338490,Desligado,31001,37.68170640019889,928.5934659082399
Furto de veículo,Rio Grande do Norte,2013,812.0,24,RN,3373960,Desligado,36813,24.066675360703744,1091.0917734650084
Furto de veículo,Rio Grande do Norte,2014,406.0,24,RN,3408510,Desligado,26352,11.911363029593575,773.1237402853446
Estupro,Rio Grande do Norte,2010,,24,RN,3264650,Desligado,35870,,1098.7395279739023
Estupro,Rio Grande do Norte,2011,,24,RN,3302060,Desligado,40822,,1236.2585779785952
Estupro,Rio Grande do Norte,2012,315.0,24,RN,3338490,Desligado,31001,9.435403430892409,928.5934659082399
Estupro,Rio Grande do Norte,2013,200.0,24,RN,3373960,Desligado,36813,5.927752551897473,1091.0917734650084
Estupro,Rio Grande do Norte,2014,215.0,24,RN,3408510,Desligado,26352,6.3077415058192585,773.1237402853446
Roubo seguido de morte (latrocínio),Rondônia,2010,,11,RO,1663490,Desligado,40062,,2408.3102393161366
Roubo seguido de morte (latrocínio),Rondônia,2011,12.0,11,RO,1685700,Desligado,43430,0.7118704395799964,2576.3777659132707
Roubo seguido de morte (latrocínio),Rondônia,2012,14.0,11,RO,1707270,Desligado,41824,0.8200226091947963,2449.7589719259404
Roubo seguido de morte (latrocínio),Rondônia,2013,10.0,11,RO,1728210,Desligado,37992,0.5786333836744377,2198.343951255924
Roubo seguido de morte (latrocínio),Rondônia,2014,22.0,11,RO,1748530,Desligado,28266,1.258199744928597,1616.5579086432604
Roubo de veículo,Rondônia,2010,,11,RO,1663490,Desligado,40062,,2408.3102393161366
Roubo de veículo,Rondônia,2011,884.0,11,RO,1685700,Desligado,43430,52.441122382393075,2576.3777659132707
Roubo de veículo,Rondônia,2012,835.0,11,RO,1707270,Desligado,41824,48.90849133411821,2449.7589719259404
Roubo de veículo,Rondônia,2013,801.0,11,RO,1728210,Desligado,37992,46.34853403232246,2198.343951255924
Roubo de veículo,Rondônia,2014,1225.0,11,RO,1748530,Desligado,28266,70.05884943352416,1616.5579086432604
Lesão corporal seguida de morte,Rondônia,2010,,11,RO,1663490,Desligado,40062,,2408.3102393161366
Lesão corporal seguida de morte,Rondônia,2011,4.0,11,RO,1685700,Desligado,43430,0.23729014652666547,2576.3777659132707
Lesão corporal seguida de morte,Rondônia,2012,8.0,11,RO,1707270,Desligado,41824,0.46858434811131217,2449.7589719259404
Lesão corporal seguida de morte,Rondônia,2013,3.0,11,RO,1728210,Desligado,37992,0.1735900151023313,2198.343951255924
Lesão corporal seguida de morte,Rondônia,2014,7.0,11,RO,1748530,Desligado,28266,0.4003362824772809,1616.5579086432604
Homicídio doloso,Rondônia,2010,,11,RO,1663490,Desligado,40062,,2408.3102393161366
Homicídio doloso,Rondônia,2011,399.0,11,RO,1685700,Desligado,43430,23.66969211603488,2576.3777659132707
Homicídio doloso,Rondônia,2012,446.0,11,RO,1707270,Desligado,41824,26.12357740720566,2449.7589719259404
Homicídio doloso,Rondônia,2013,465.0,11,RO,1728210,Desligado,37992,26.906452340861357,2198.343951255924
Homicídio doloso,Rondônia,2014,525.0,11,RO,1748530,Desligado,28266,30.025221185796067,1616.5579086432604
Furto de veículo,Rondônia,2010,,11,RO,1663490,Desligado,40062,,2408.3102393161366
Furto de veículo,Rondônia,2011,1675.0,11,RO,1685700,Desligado,43430,99.36524885804116,2576.3777659132707
Furto de veículo,Rondônia,2012,1651.0,11,RO,1707270,Desligado,41824,96.70409484147206,2449.7589719259404
Furto de veículo,Rondônia,2013,2306.0,11,RO,1728210,Desligado,37992,133.43285827532532,2198.343951255924
Furto de veículo,Rondônia,2014,2989.0,11,RO,1748530,Desligado,28266,170.94359261779897,1616.5579086432604
Estupro,Rondônia,2010,,11,RO,1663490,Desligado,40062,,2408.3102393161366
Estupro,Rondônia,2011,815.0,11,RO,1685700,Desligado,43430,48.347867354808095,2576.3777659132707
Estupro,Rondônia,2012,885.0,11,RO,1707270,Desligado,41824,51.83714350981391,2449.7589719259404
Estupro,Rondônia,2013,833.0,11,RO,1728210,Desligado,37992,48.20016086008066,2198.343951255924
Estupro,Rondônia,2014,711.0,11,RO,1748530,Desligado,28266,40.66272812019239,1616.5579086432604
Roubo seguido de morte (latrocínio),Roraima,2010,,14,RR,460678,Desligado,16926,,3674.1498400184078
Roubo seguido de morte (latrocínio),Roraima,2011,1.0,14,RR,469943,Desligado,15518,0.21279176410756195,3302.102595421147
Roubo seguido de morte (latrocínio),Roraima,2012,4.0,14,RR,479073,Desligado,17489,0.8349458224529456,3650.5918722198912
Roubo seguido de morte (latrocínio),Roraima,2013,3.0,14,RR,488072,Desligado,20280,0.6146634103165106,4155.124653739612
Roubo seguido de morte (latrocínio),Roraima,2014,2.0,14,RR,496936,Desligado,16459,0.40246631356955426,3312.0965275206463
Roubo de veículo,Roraima,2010,,14,RR,460678,Desligado,16926,,3674.1498400184078
Roubo de veículo,Roraima,2011,60.0,14,RR,469943,Desligado,15518,12.76750584645372,3302.102595421147
Roubo de veículo,Roraima,2012,78.0,14,RR,479073,Desligado,17489,16.281443537832438,3650.5918722198912
Roubo de veículo,Roraima,2013,198.0,14,RR,488072,Desligado,20280,40.567785080889706,4155.124653739612
Roubo de veículo,Roraima,2014,231.0,14,RR,496936,Desligado,16459,46.484859217283514,3312.0965275206463
Lesão corporal seguida de morte,Roraima,2010,,14,RR,460678,Desligado,16926,,3674.1498400184078
Lesão corporal seguida de morte,Roraima,2011,5.0,14,RR,469943,Desligado,15518,1.0639588205378099,3302.102595421147
Lesão corporal seguida de morte,Roraima,2012,4.0,14,RR,479073,Desligado,17489,0.8349458224529456,3650.5918722198912
Lesão corporal seguida de morte,Roraima,2013,6.0,14,RR,488072,Desligado,20280,1.2293268206330212,4155.124653739612
Lesão corporal seguida de morte,Roraima,2014,,14,RR,496936,Desligado,16459,,3312.0965275206463
Homicídio doloso,Roraima,2010,,14,RR,460678,Desligado,16926,,3674.1498400184078
Homicídio doloso,Roraima,2011,54.0,14,RR,469943,Desligado,15518,11.490755261808347,3302.102595421147
Homicídio doloso,Roraima,2012,62.0,14,RR,479073,Desligado,17489,12.941660248020657,3650.5918722198912
Homicídio doloso,Roraima,2013,99.0,14,RR,488072,Desligado,20280,20.283892540444853,4155.124653739612
Homicídio doloso,Roraima,2014,65.0,14,RR,496936,Desligado,16459,13.080155191010512,3312.0965275206463
Furto de veículo,Roraima,2010,,14,RR,460678,Desligado,16926,,3674.1498400184078
Furto de veículo,Roraima,2011,527.0,14,RR,469943,Desligado,15518,112.14125968468517,3302.102595421147
Furto de veículo,Roraima,2012,652.0,14,RR,479073,Desligado,17489,136.09616905983015,3650.5918722198912
Furto de veículo,Roraima,2013,795.0,14,RR,488072,Desligado,20280,162.88580373387535,4155.124653739612
Furto de veículo,Roraima,2014,518.0,14,RR,496936,Desligado,16459,104.23877521451455,3312.0965275206463
Estupro,Roraima,2010,,14,RR,460678,Desligado,16926,,3674.1498400184078
Estupro,Roraima,2011,292.0,14,RR,469943,Desligado,15518,62.135195119408095,3302.102595421147
Estupro,Roraima,2012,245.0,14,RR,479073,Desligado,17489,51.14043162524292,3650.5918722198912
Estupro,Roraima,2013,302.0,14,RR,488072,Desligado,20280,61.87611663852874,4155.124653739612
Estupro,Roraima,2014,273.0,14,RR,496936,Desligado,16459,54.93665180224415,3312.0965275206463
Roubo seguido de morte (latrocínio),Rio Grande do Sul,2010,,43,RS,11019000,Desligado,130459,,1183.945911607224
Roubo seguido de morte (latrocínio),Rio Grande do Sul,2011,82.0,43,RS,11069900,Desligado,125560,0.7407474322261267,1134.2469218330789
Roubo seguido de morte (latrocínio),Rio Grande do Sul,2012,91.0,43,RS,11118300,Desligado,123121,0.8184704496190964,1107.3725299731075
Roubo seguido de morte (latrocínio),Rio Grande do Sul,2013,123.0,43,RS,11164000,Desligado,157360,1.10175564313866,1409.530634181297
Roubo seguido de morte (latrocínio),Rio Grande do Sul,2014,121.0,43,RS,11207300,Desligado,136053,1.0796534401684617,1213.9676817788404
Roubo de veículo,Rio Grande do Sul,2010,,43,RS,11019000,Desligado,130459,,1183.945911607224
Roubo de veículo,Rio Grande do Sul,2011,10965.0,43,RS,11069900,Desligado,125560,99.05238529706682,1134.2469218330789
Roubo de veículo,Rio Grande do Sul,2012,12044.0,43,RS,11118300,Desligado,123121,108.32591313420217,1107.3725299731075
Roubo de veículo,Rio Grande do Sul,2013,11892.0,43,RS,11164000,Desligado,157360,106.52096022930849,1409.530634181297
Roubo de veículo,Rio Grande do Sul,2014,13622.0,43,RS,11207300,Desligado,136053,121.5457781981387,1213.9676817788404
Lesão corporal seguida de morte,Rio Grande do Sul,2010,,43,RS,11019000,Desligado,130459,,1183.945911607224
Lesão corporal seguida de morte,Rio Grande do Sul,2011,78.0,43,RS,11069900,Desligado,125560,0.7046134111419254,1134.2469218330789
Lesão corporal seguida de morte,Rio Grande do Sul,2012,55.0,43,RS,11118300,Desligado,123121,0.4946799420774759,1107.3725299731075
Lesão corporal seguida de morte,Rio Grande do Sul,2013,42.0,43,RS,11164000,Desligado,157360,0.3762092439985668,1409.530634181297
Lesão corporal seguida de morte,Rio Grande do Sul,2014,51.0,43,RS,11207300,Desligado,136053,0.45506054089745074,1213.9676817788404
Homicídio doloso,Rio Grande do Sul,2010,,43,RS,11019000,Desligado,130459,,1183.945911607224
Homicídio doloso,Rio Grande do Sul,2011,1717.0,43,RS,11069900,Desligado,125560,15.510528550393408,1134.2469218330789
Homicídio doloso,Rio Grande do Sul,2012,1987.0,43,RS,11118300,Desligado,123121,17.871437180144447,1107.3725299731075
Homicídio doloso,Rio Grande do Sul,2013,1843.0,43,RS,11164000,Desligado,157360,16.508419921175207,1409.530634181297
Homicídio doloso,Rio Grande do Sul,2014,2226.0,43,RS,11207300,Desligado,136053,19.862054196818146,1213.9676817788404
Furto de veículo,Rio Grande do Sul,2010,,43,RS,11019000,Desligado,130459,,1183.945911607224
Furto de veículo,Rio Grande do Sul,2011,14631.0,43,RS,11069900,Desligado,125560,132.1692156207373,1134.2469218330789
Furto de veículo,Rio Grande do Sul,2012,15655.0,43,RS,11118300,Desligado,123121,140.80389987677972,1107.3725299731075
Furto de veículo,Rio Grande do Sul,2013,16605.0,43,RS,11164000,Desligado,157360,148.7370118237191,1409.530634181297
Furto de veículo,Rio Grande do Sul,2014,18585.0,43,RS,11207300,Desligado,136053,165.8294147564534,1213.9676817788404
Estupro,Rio Grande do Sul,2010,,43,RS,11019000,Desligado,130459,,1183.945911607224
Estupro,Rio Grande do Sul,2011,4376.0,43,RS,11069900,Desligado,125560,39.53061906611622,1134.2469218330789
Estupro,Rio Grande do Sul,2012,4264.0,43,RS,11118300,Desligado,123121,38.35118678215195,1107.3725299731075
Estupro,Rio Grande do Sul,2013,3700.0,43,RS,11164000,Desligado,157360,33.14224292368326,1409.530634181297
Estupro,Rio Grande do Sul,2014,3162.0,43,RS,11207300,Desligado,136053,28.213753535641946,1213.9676817788404
Roubo seguido de morte (latrocínio),Santa Catarina,2010,,42,SC,6351420,Desligado,124445,,1959.3256311187104
Roubo seguido de morte (latrocínio),Santa Catarina,2011,14.0,42,SC,6446210,Desligado,126339,0.21718187896453886,1959.8958147500625
Roubo seguido de morte (latrocínio),Santa Catarina,2012,44.0,42,SC,6540600,Desligado,114972,0.6727211570803902,1757.8203834510596
Roubo seguido de morte (latrocínio),Santa Catarina,2013,41.0,42,SC,6634250,Desligado,122785,0.6180050495534537,1850.7743904736783
Roubo seguido de morte (latrocínio),Santa Catarina,2014,35.0,42,SC,6727150,Desligado,106069,0.5202797618605204,1576.730116022387
Roubo de veículo,Santa Catarina,2010,,42,SC,6351420,Desligado,124445,,1959.3256311187104
Roubo de veículo,Santa Catarina,2011,944.0,42,SC,6446210,Desligado,126339,14.644263838751762,1959.8958147500625
Roubo de veículo,Santa Catarina,2012,2492.0,42,SC,6540600,Desligado,114972,38.10048007828028,1757.8203834510596
Roubo de veículo,Santa Catarina,2013,2515.0,42,SC,6634250,Desligado,122785,37.90933413724234,1850.7743904736783
Roubo de veículo,Santa Catarina,2014,2864.0,42,SC,6727150,Desligado,106069,42.57374965624373,1576.730116022387
Lesão corporal seguida de morte,Santa Catarina,2010,,42,SC,6351420,Desligado,124445,,1959.3256311187104
Lesão corporal seguida de morte,Santa Catarina,2011,48.0,42,SC,6446210,Desligado,126339,0.744623585021276,1959.8958147500625
Lesão corporal seguida de morte,Santa Catarina,2012,70.0,42,SC,6540600,Desligado,114972,1.0702382044460752,1757.8203834510596
Lesão corporal seguida de morte,Santa Catarina,2013,59.0,42,SC,6634250,Desligado,122785,0.8893243396013113,1850.7743904736783
Lesão corporal seguida de morte,Santa Catarina,2014,44.0,42,SC,6727150,Desligado,106069,0.65406598633894,1576.730116022387
Homicídio doloso,Santa Catarina,2010,,42,SC,6351420,Desligado,124445,,1959.3256311187104
Homicídio doloso,Santa Catarina,2011,355.0,42,SC,6446210,Desligado,126339,5.507111930886521,1959.8958147500625
Homicídio doloso,Santa Catarina,2012,595.0,42,SC,6540600,Desligado,114972,9.09702473779164,1757.8203834510596
Homicídio doloso,Santa Catarina,2013,665.0,42,SC,6634250,Desligado,122785,10.023740437879189,1850.7743904736783
Homicídio doloso,Santa Catarina,2014,592.0,42,SC,6727150,Desligado,106069,8.800160543469374,1576.730116022387
Furto de veículo,Santa Catarina,2010,,42,SC,6351420,Desligado,124445,,1959.3256311187104
Furto de veículo,Santa Catarina,2011,5718.0,42,SC,6446210,Desligado,126339,88.70328456565952,1959.8958147500625
Furto de veículo,Santa Catarina,2012,11104.0,42,SC,6540600,Desligado,114972,169.7703574595603,1757.8203834510596
Furto de veículo,Santa Catarina,2013,13035.0,42,SC,6634250,Desligado,122785,196.4803858763236,1850.7743904736783
Furto de veículo,Santa Catarina,2014,13165.0,42,SC,6727150,Desligado,106069,195.69951613982147,1576.730116022387
Estupro,Santa Catarina,2010,,42,SC,6351420,Desligado,124445,,1959.3256311187104
Estupro,Santa Catarina,2011,1078.0,42,SC,6446210,Desligado,126339,16.723004680269494,1959.8958147500625
Estupro,Santa Catarina,2012,2507.0,42,SC,6540600,Desligado,114972,38.32981683637587,1757.8203834510596
Estupro,Santa Catarina,2013,2956.0,42,SC,6634250,Desligado,122785,44.556656743414855,1850.7743904736783
Estupro,Santa Catarina,2014,2675.0,42,SC,6727150,Desligado,106069,39.76423894219692,1576.730116022387
Roubo seguido de morte (latrocínio),Sergipe,2010,,28,SE,2120050,Desligado,28697,,1353.6001509398363
Roubo seguido de morte (latrocínio),Sergipe,2011,24.0,28,SE,2145940,Desligado,24034,1.1183910081362947,1119.975395397821
Roubo seguido de morte (latrocínio),Sergipe,2012,36.0,28,SE,2171140,Desligado,21863,1.658115091610859,1006.9825068857836
Roubo seguido de morte (latrocínio),Sergipe,2013,40.0,28,SE,2195660,Desligado,25069,1.8217756847599356,1141.7523660311706
Roubo seguido de morte (latrocínio),Sergipe,2014,46.0,28,SE,2219570,Desligado,18925,2.0724734971188115,852.6426289776848
Roubo de veículo,Sergipe,2010,,28,SE,2120050,Desligado,28697,,1353.6001509398363
Roubo de veículo,Sergipe,2011,845.0,28,SE,2145940,Desligado,24034,39.37668341146537,1119.975395397821
Roubo de veículo,Sergipe,2012,1201.0,28,SE,2171140,Desligado,21863,55.31656180624004,1006.9825068857836
Roubo de veículo,Sergipe,2013,1570.0,28,SE,2195660,Desligado,25069,71.50469562682747,1141.7523660311706
Roubo de veículo,Sergipe,2014,1778.0,28,SE,2219570,Desligado,18925,80.10560604080972,852.6426289776848
Lesão corporal seguida de morte,Sergipe,2010,,28,SE,2120050,Desligado,28697,,1353.6001509398363
Lesão corporal seguida de morte,Sergipe,2011,13.0,28,SE,2145940,Desligado,24034,0.6057951294071595,1119.975395397821
Lesão corporal seguida de morte,Sergipe,2012,6.0,28,SE,2171140,Desligado,21863,0.2763525152684765,1006.9825068857836
Lesão corporal seguida de morte,Sergipe,2013,9.0,28,SE,2195660,Desligado,25069,0.4098995290709855,1141.7523660311706
Lesão corporal seguida de morte,Sergipe,2014,9.0,28,SE,2219570,Desligado,18925,0.405483945088463,852.6426289776848
Homicídio doloso,Sergipe,2010,,28,SE,2120050,Desligado,28697,,1353.6001509398363
Homicídio doloso,Sergipe,2011,671.0,28,SE,2145940,Desligado,24034,31.268348602477236,1119.975395397821
Homicídio doloso,Sergipe,2012,803.0,28,SE,2171140,Desligado,21863,36.9851782934311,1006.9825068857836
Homicídio doloso,Sergipe,2013,880.0,28,SE,2195660,Desligado,25069,40.07906506471858,1141.7523660311706
Homicídio doloso,Sergipe,2014,999.0,28,SE,2219570,Desligado,18925,45.008717904819406,852.6426289776848
Furto de veículo,Sergipe,2010,,28,SE,2120050,Desligado,28697,,1353.6001509398363
Furto de veículo,Sergipe,2011,614.0,28,SE,2145940,Desligado,24034,28.612169958153537,1119.975395397821
Furto de veículo,Sergipe,2012,735.0,28,SE,2171140,Desligado,21863,33.853183120388366,1006.9825068857836
Furto de veículo,Sergipe,2013,701.0,28,SE,2195660,Desligado,25069,31.92661887541787,1141.7523660311706
Furto de veículo,Sergipe,2014,637.0,28,SE,2219570,Desligado,18925,28.699252557927885,852.6426289776848
Estupro,Sergipe,2010,,28,SE,2120050,Desligado,28697,,1353.6001509398363
Estupro,Sergipe,2011,321.0,28,SE,2145940,Desligado,24034,14.95847973382294,1119.975395397821
Estupro,Sergipe,2012,465.0,28,SE,2171140,Desligado,21863,21.417319933306928,1006.9825068857836
Estupro,Sergipe,2013,469.0,28,SE,2195660,Desligado,25069,21.360319903810243,1141.7523660311706
Estupro,Sergipe,2014,432.0,28,SE,2219570,Desligado,18925,19.463229364246228,852.6426289776848
Roubo seguido de morte (latrocínio),São Paulo,2010,,35,SP,42486700,Desligado,898952,,2115.8433109655493
Roubo seguido de morte (latrocínio),São Paulo,2011,316.0,35,SP,42888200,Desligado,843243,0.7367993993685908,1966.1422022840782
Roubo seguido de morte (latrocínio),São Paulo,2012,344.0,35,SP,43281400,Desligado,907652,0.7947986895063469,2097.09482595295
Roubo seguido de morte (latrocínio),São Paulo,2013,380.0,35,SP,43663700,Desligado,1060848,0.8702881340793381,2429.5879643731523
Roubo seguido de morte (latrocínio),São Paulo,2014,372.0,35,SP,44035300,Desligado,781208,0.8447768040640122,1774.049455777524
Roubo de veículo,São Paulo,2010,,35,SP,42486700,Desligado,898952,,2115.8433109655493
Roubo de veículo,São Paulo,2011,38701.530000000006,35,SP,42888200,Desligado,843243,90.23817740077692,1966.1422022840782
Roubo de veículo,São Paulo,2012,43250.02100000001,35,SP,43281400,Desligado,907652,99.92750003465693,2097.09482595295
Roubo de veículo,São Paulo,2013,48060.715,35,SP,43663700,Desligado,1060848,110.07018415754963,2429.5879643731523
Roubo de veículo,São Paulo,2014,49126.37400000001,35,SP,44035300,Desligado,781208,111.56134737358441,1774.049455777524
Lesão corporal seguida de morte,São Paulo,2010,,35,SP,42486700,Desligado,898952,,2115.8433109655493
Lesão corporal seguida de morte,São Paulo,2011,,35,SP,42888200,Desligado,843243,,1966.1422022840782
Lesão corporal seguida de morte,São Paulo,2012,,35,SP,43281400,Desligado,907652,,2097.09482595295
Lesão corporal seguida de morte,São Paulo,2013,,35,SP,43663700,Desligado,1060848,,2429.5879643731523
Lesão corporal seguida de morte,São Paulo,2014,,35,SP,44035300,Desligado,781208,,1774.049455777524
Homicídio doloso,São Paulo,2010,,35,SP,42486700,Desligado,898952,,2115.8433109655493
Homicídio doloso,São Paulo,2011,4193.0,35,SP,42888200,Desligado,843243,9.776581903647157,1966.1422022840782
Homicídio doloso,São Paulo,2012,4836.0,35,SP,43281400,Desligado,907652,11.173390879222945,2097.09482595295
Homicídio doloso,São Paulo,2013,4444.0,35,SP,43663700,Desligado,1060848,10.177790704864682,2429.5879643731523
Homicídio doloso,São Paulo,2014,4294.0,35,SP,44035300,Desligado,781208,9.751267732932444,1774.049455777524
Furto de veículo,São Paulo,2010,,35,SP,42486700,Desligado,898952,,2115.8433109655493
Furto de veículo,São Paulo,2011,59209.958,35,SP,42888200,Desligado,843243,138.05652370582118,1966.1422022840782
Furto de veículo,São Paulo,2012,61281.22299999999,35,SP,43281400,Desligado,907652,141.58789456902963,2097.09482595295
Furto de veículo,São Paulo,2013,68353.479,35,SP,43663700,Desligado,1060848,156.5453202545822,2429.5879643731523
Furto de veículo,São Paulo,2014,72845.79699999999,35,SP,44035300,Desligado,781208,165.42591284719302,1774.049455777524
Estupro,São Paulo,2010,,35,SP,42486700,Desligado,898952,,2115.8433109655493
Estupro,São Paulo,2011,10399.0,35,SP,42888200,Desligado,843243,24.24676251276575,1966.1422022840782
Estupro,São Paulo,2012,12888.0,35,SP,43281400,Desligado,907652,29.777225320807553,2097.09482595295
Estupro,São Paulo,2013,12054.0,35,SP,43663700,Desligado,1060848,27.606455705769324,2429.5879643731523
Estupro,São Paulo,2014,10029.0,35,SP,44035300,Desligado,781208,22.7749101289193,1774.049455777524
Roubo seguido de morte (latrocínio),Tocantins,2010,,17,TO,1419100,Desligado,34034,,2398.280600380523
Roubo seguido de morte (latrocínio),Tocantins,2011,16.0,17,TO,1439280,Desligado,32585,1.1116669445834029,2263.979211828136
Roubo seguido de morte (latrocínio),Tocantins,2012,8.0,17,TO,1458960,Desligado,30545,0.5483358008444371,2093.6146295991666
Roubo seguido de morte (latrocínio),Tocantins,2013,20.0,17,TO,1478160,Desligado,36671,1.3530335011094876,2480.8545759593007
Roubo seguido de morte (latrocínio),Tocantins,2014,14.0,17,TO,1496880,Desligado,28601,0.9352787130564908,1910.7076051520496
Roubo de veículo,Tocantins,2010,,17,TO,1419100,Desligado,34034,,2398.280600380523
Roubo de veículo,Tocantins,2011,118.0,17,TO,1439280,Desligado,32585,8.198543716302597,2263.979211828136
Roubo de veículo,Tocantins,2012,144.0,17,TO,1458960,Desligado,30545,9.870044415199867,2093.6146295991666
Roubo de veículo,Tocantins,2013,294.0,17,TO,1478160,Desligado,36671,19.889592466309466,2480.8545759593007
Roubo de veículo,Tocantins,2014,474.0,17,TO,1496880,Desligado,28601,31.665864999198334,1910.7076051520496
Lesão corporal seguida de morte,Tocantins,2010,,17,TO,1419100,Desligado,34034,,2398.280600380523
Lesão corporal seguida de morte,Tocantins,2011,5.0,17,TO,1439280,Desligado,32585,0.34739592018231336,2263.979211828136
Lesão corporal seguida de morte,Tocantins,2012,4.0,17,TO,1458960,Desligado,30545,0.27416790042221856,2093.6146295991666
Lesão corporal seguida de morte,Tocantins,2013,8.0,17,TO,1478160,Desligado,36671,0.5412134004437951,2480.8545759593007
Lesão corporal seguida de morte,Tocantins,2014,9.0,17,TO,1496880,Desligado,28601,0.6012506012506013,1910.7076051520496
Homicídio doloso,Tocantins,2010,,17,TO,1419100,Desligado,34034,,2398.280600380523
Homicídio doloso,Tocantins,2011,256.0,17,TO,1439280,Desligado,32585,17.786671113334446,2263.979211828136
Homicídio doloso,Tocantins,2012,296.0,17,TO,1458960,Desligado,30545,20.288424631244173,2093.6146295991666
Homicídio doloso,Tocantins,2013,287.0,17,TO,1478160,Desligado,36671,19.416030740921144,2480.8545759593007
Homicídio doloso,Tocantins,2014,313.0,17,TO,1496880,Desligado,28601,20.91015979904869,1910.7076051520496
Furto de veículo,Tocantins,2010,,17,TO,1419100,Desligado,34034,,2398.280600380523
Furto de veículo,Tocantins,2011,890.0,17,TO,1439280,Desligado,32585,61.836473792451784,2263.979211828136
Furto de veículo,Tocantins,2012,1068.0,17,TO,1458960,Desligado,30545,73.20282941273236,2093.6146295991666
Furto de veículo,Tocantins,2013,1304.0,17,TO,1478160,Desligado,36671,88.21778427233858,2480.8545759593007
Furto de veículo,Tocantins,2014,1421.0,17,TO,1496880,Desligado,28601,94.93078937523383,1910.7076051520496
Estupro,Tocantins,2010,,17,TO,1419100,Desligado,34034,,2398.280600380523
Estupro,Tocantins,2011,363.0,17,TO,1439280,Desligado,32585,25.22094380523595,2263.979211828136
Estupro,Tocantins,2012,396.0,17,TO,1458960,Desligado,30545,27.142622141799638,2093.6146295991666
Estupro,Tocantins,2013,452.0,17,TO,1478160,Desligado,36671,30.57855712507442,2480.8545759593007
Estupro,Tocantins,2014,425.0,17,TO,1496880,Desligado,28601,28.392389503500613,1910.7076051520496
